episode,env_step,train_step,ver_reward(avg100env),fwd_reward(avg100env),lat_reward(avg100env),ver_reward(episode),fwd_reward(episode),lat_reward(episode)
1,100,0,-0.5218,-0.9944,-0.1354,-0.5218,-0.9944,-0.1354
1,200,18,-1.1256,-1.7834,-0.1747,-0.8253,-1.3909,-0.1551
1,300,50,-1.0474,-1.6019,-0.5496,-0.8996,-1.4615,-0.2871
1,400,75,-0.8342,-1.2374,-0.4559,-0.8832,-1.4053,-0.3294
1,500,106,-0.8758,-1.0430,-0.9059,-0.8817,-1.3327,-0.4449
1,600,135,-0.3577,-1.1727,-0.8291,-0.7942,-1.3060,-0.5091
1,700,169,-0.2830,-0.7431,-0.9221,-0.7211,-1.2255,-0.5681
1,800,202,-0.0951,-0.4771,-0.3163,-0.6427,-1.1318,-0.5366
1,900,245,-0.9723,-0.1459,-0.8956,-0.6794,-1.0221,-0.5766
1,1000,286,-0.9302,-0.3946,-0.8108,-0.7045,-0.9593,-0.6000
1,1100,311,-1.1055,-0.8152,-0.1024,-0.7410,-0.9462,-0.5547
1,1200,347,-1.3610,-0.3690,-0.3292,-0.7927,-0.8981,-0.5359
1,1300,380,-0.3740,-1.0790,-0.5236,-0.7605,-0.9120,-0.5350
1,1400,417,-0.9134,-0.7994,-0.6981,-0.7714,-0.9039,-0.5466
1,1500,578,-0.7576,-1.2710,-0.3822,-0.7705,-0.9284,-0.5357
1,1600,669,-0.1272,-1.2260,-0.3365,-0.7302,-0.9470,-0.5232
1,1700,814,-0.8043,-1.6644,-0.4034,-0.7346,-0.9893,-0.5162
1,1800,898,-1.0791,-1.4267,-0.3656,-0.7538,-1.0136,-0.5078
1,1900,1039,-0.8702,-1.5858,-0.3839,-0.7599,-1.0437,-0.5013
1,2000,1064,-0.3039,-1.4105,-0.3233,-0.7371,-1.0621,-0.4924
1,2100,1098,-1.0362,-1.1914,-0.7479,-0.7513,-1.0682,-0.5045
1,2200,1175,-0.8343,-0.5971,-0.2794,-0.7551,-1.0468,-0.4943
1,2300,1271,-0.2864,-0.7416,-0.1041,-0.7347,-1.0335,-0.4773
1,2400,1296,-0.1149,-1.3144,-0.0794,-0.7089,-1.0452,-0.4607
1,2500,1321,-0.5077,-1.1975,-0.0425,-0.7008,-1.0513,-0.4440
1,2600,1416,-1.2328,-0.6947,-0.1133,-0.7213,-1.0376,-0.4313
1,2700,1440,-0.3133,-0.8739,-0.0723,-0.7062,-1.0315,-0.4180
1,2800,1531,-0.6639,-0.7340,-0.1321,-0.7047,-1.0209,-0.4078
1,2900,1627,-1.0344,-0.7270,-0.1620,-0.7160,-1.0108,-0.3993
1,3000,1652,-1.0639,-0.9207,-0.0631,-0.7276,-1.0078,-0.3881
1,3100,1739,-0.1317,-0.8038,-0.1509,-0.7084,-1.0012,-0.3804
1,3200,1764,-0.4652,-1.0475,-0.0490,-0.7008,-1.0026,-0.3701
1,3300,1854,-0.8434,-0.8583,-0.1081,-0.7051,-0.9982,-0.3621
1,3400,1879,-0.4591,-1.1930,-0.0136,-0.6979,-1.0040,-0.3519
1,3500,1973,-1.0675,-1.2475,-0.0380,-0.7085,-1.0109,-0.3429
1,3600,2077,-0.3338,-1.9285,-0.0913,-0.6981,-1.0364,-0.3359
1,3700,2172,-0.9078,-0.2021,-0.0365,-0.7037,-1.0139,-0.3278
1,3800,2198,-0.2942,-0.8923,-0.0419,-0.6929,-1.0107,-0.3203
1,3900,2296,-0.8454,-0.3992,-0.0432,-0.6969,-0.9950,-0.3132
1,4000,2390,-1.0817,-0.1095,-0.1156,-0.7065,-0.9729,-0.3082
1,4100,2485,-0.6165,-0.2688,-0.0419,-0.7043,-0.9557,-0.3017
1,4200,2514,-0.5577,-0.1031,-0.0535,-0.7008,-0.9354,-0.2958
1,4300,2608,-0.2808,-0.0832,-0.1007,-0.6910,-0.9155,-0.2913
1,4400,2697,-0.3318,-0.4957,-0.0941,-0.6829,-0.9060,-0.2868
1,4500,2737,-0.5274,-0.5841,-0.3421,-0.6794,-0.8989,-0.2880
1,4600,2761,-0.3881,-0.1208,-0.1140,-0.6731,-0.8819,-0.2842
1,4700,2793,-0.2273,-0.5275,-0.2434,-0.6636,-0.8744,-0.2834
1,4800,2885,-0.4128,-0.3008,-0.0882,-0.6584,-0.8624,-0.2793
1,4900,2909,-0.4323,-0.1489,-0.0169,-0.6537,-0.8479,-0.2740
1,5000,2947,-0.2891,-1.1487,-0.1297,-0.6464,-0.8539,-0.2711
1,5100,2984,-0.1427,-1.6184,-0.1437,-0.6366,-0.8689,-0.2686
1,5200,3015,-0.3435,-1.0777,-0.1878,-0.6309,-0.8729,-0.2670
1,5300,3102,-0.0939,-0.9977,-0.0783,-0.6208,-0.8753,-0.2635
1,5400,3128,-0.1147,-0.0809,-0.0589,-0.6114,-0.8605,-0.2597
1,5500,3153,-0.0509,-0.9713,-0.4568,-0.6012,-0.8626,-0.2633
1,5600,3223,-0.0615,-0.3467,-0.0916,-0.5916,-0.8533,-0.2602
1,5700,3308,-0.0551,-0.7106,-0.0796,-0.5822,-0.8508,-0.2570
1,5800,3333,-0.0361,-0.0569,-0.0217,-0.5728,-0.8371,-0.2530
1,5900,3358,-0.0597,-0.4382,-0.0282,-0.5641,-0.8304,-0.2492
1,6000,3394,-0.1055,-1.4189,-0.0622,-0.5564,-0.8402,-0.2460
1,6100,3419,-0.3684,-0.2032,-0.0146,-0.5533,-0.8298,-0.2422
1,6200,3443,-0.2005,-0.0766,-0.0357,-0.5476,-0.8176,-0.2389
1,6300,3469,-0.0859,-0.4074,-0.0881,-0.5403,-0.8111,-0.2365
1,6400,3559,-0.1649,-1.1303,-0.0613,-0.5344,-0.8161,-0.2338
1,6500,3584,-0.0453,-0.9171,-0.0398,-0.5269,-0.8176,-0.2308
1,6600,3609,-0.0376,-0.4440,-0.0543,-0.5195,-0.8120,-0.2281
1,6700,3634,-0.1290,-0.0967,-0.0454,-0.5137,-0.8013,-0.2254
1,6800,3674,-0.1185,-1.5264,-0.3283,-0.5079,-0.8120,-0.2269
1,6900,3699,-0.1074,-0.5834,-0.1260,-0.5021,-0.8086,-0.2254
1,7000,3725,-0.0841,-0.0592,-0.0208,-0.4961,-0.7979,-0.2225
1,7100,3749,-0.1406,-0.5644,-0.0418,-0.4911,-0.7946,-0.2200
1,7200,3774,-0.0737,-1.4379,-0.0719,-0.4853,-0.8036,-0.2179
1,7300,3801,-0.0713,-1.8164,-0.3401,-0.4796,-0.8175,-0.2196
1,7400,3892,-0.0458,-1.6927,-0.1179,-0.4737,-0.8293,-0.2182
1,7500,3917,-0.0337,-1.1536,-0.0377,-0.4679,-0.8336,-0.2158
1,7600,3942,-0.0990,-0.7155,-0.0124,-0.4630,-0.8321,-0.2131
1,7700,3967,-0.0701,-0.3633,-0.0527,-0.4579,-0.8260,-0.2110
1,7800,3992,-0.0788,-0.1761,-0.0479,-0.4531,-0.8176,-0.2090
1,7900,4032,-0.1222,-1.6353,-0.1503,-0.4489,-0.8280,-0.2082
1,8000,4057,-0.0522,-1.3155,-0.0582,-0.4439,-0.8341,-0.2063
1,8100,4082,-0.1094,-0.4286,-0.0636,-0.4398,-0.8291,-0.2046
1,8200,4106,-0.1244,-0.6035,-0.2636,-0.4359,-0.8263,-0.2053
1,8300,4132,-0.1413,-0.8956,-0.2061,-0.4324,-0.8272,-0.2053
1,8400,4211,-0.1124,-1.7928,-0.0618,-0.4286,-0.8387,-0.2036
1,8500,4236,-0.0838,-1.1115,-0.0196,-0.4245,-0.8419,-0.2014
1,8600,4261,-0.0821,-0.3631,-0.0472,-0.4205,-0.8363,-0.1996
1,8700,4285,-0.0620,-0.7969,-0.1215,-0.4164,-0.8358,-0.1987
1,8800,4445,-0.1785,-1.2831,-0.2187,-0.4137,-0.8409,-0.1990
1,8900,4470,-0.0633,-0.7505,-0.0535,-0.4098,-0.8399,-0.1973
1,9000,4495,-0.0864,-0.2727,-0.0687,-0.4062,-0.8336,-0.1959
1,9100,4520,-0.0541,-0.2214,-0.0754,-0.4023,-0.8269,-0.1946
1,9200,4610,-0.0726,-1.6675,-0.1543,-0.3987,-0.8360,-0.1941
1,9300,4634,-0.0400,-0.9820,-0.0950,-0.3949,-0.8376,-0.1931
1,9400,4659,-0.0477,-0.1165,-0.0499,-0.3912,-0.8299,-0.1915
1,9500,4684,-0.0723,-0.0924,-0.0398,-0.3878,-0.8222,-0.1900
1,9600,4709,-0.0382,-0.1337,-0.0650,-0.3842,-0.8150,-0.1886
1,9700,4734,-0.0350,-0.0474,-0.0352,-0.3806,-0.8071,-0.1871
1,9800,4759,-0.0593,-0.6962,-0.0635,-0.3773,-0.8059,-0.1858
1,9900,4785,-0.0426,-1.2233,-0.0735,-0.3739,-0.8102,-0.1847
1,10000,4822,-0.3322,-1.4361,-0.0924,-0.3735,-0.8164,-0.1837
1,10100,4845,-0.0836,-1.6165,-0.0762,-0.3706,-0.8243,-0.1827
1,10200,4872,-0.0336,-0.9742,-0.0188,-0.3673,-0.8258,-0.1811
1,10300,4896,-0.0692,-0.1502,-0.0505,-0.3644,-0.8192,-0.1798
1,10400,4922,-0.0382,-0.4695,-0.0295,-0.3613,-0.8159,-0.1784
1,10500,4947,-0.1137,-1.4867,-0.0933,-0.3589,-0.8223,-0.1776
1,10600,4972,-0.0759,-0.1711,-0.0530,-0.3563,-0.8161,-0.1764
1,10700,5013,-0.1943,-0.9693,-0.1189,-0.3547,-0.8176,-0.1758
1,10800,5038,-0.1448,-1.5088,-0.0728,-0.3528,-0.8240,-0.1749
1,10900,5064,-0.0171,-0.5902,-0.0349,-0.3497,-0.8218,-0.1736
1,11000,5089,-0.0386,-0.0869,-0.0413,-0.3469,-0.8151,-0.1724
1,11100,5114,-0.0276,-0.1373,-0.0474,-0.3440,-0.8090,-0.1713
1,11200,5139,-0.0735,-0.1215,-0.0449,-0.3416,-0.8029,-0.1701
1,11300,5164,-0.0296,-0.0949,-0.0353,-0.3388,-0.7966,-0.1690
1,11400,5189,-0.0671,-1.3710,-0.0431,-0.3365,-0.8017,-0.1678
1,11500,5281,-0.2893,-1.5720,-0.0584,-0.3360,-0.8084,-0.1669
1,11600,5306,-0.0349,-0.6925,-0.0185,-0.3335,-0.8074,-0.1656
1,11700,5327,-0.0625,-0.9853,-0.3276,-0.3311,-0.8089,-0.1670
1,11800,5376,-0.1210,-1.8163,-0.0616,-0.3294,-0.8174,-0.1661
1,11900,5401,-0.0589,-1.6011,-0.0979,-0.3271,-0.8240,-0.1655
1,12000,5426,-0.1367,-0.9309,-0.0434,-0.3255,-0.8249,-0.1645
1,12100,5449,-0.0801,-0.3055,-0.0498,-0.3235,-0.8206,-0.1636
1,12200,5544,-0.0702,-0.8414,-0.0279,-0.3214,-0.8208,-0.1625
1,12300,5569,-0.1338,-0.4210,-0.0406,-0.3199,-0.8175,-0.1615
1,12400,5650,-0.0565,-1.4649,-0.2130,-0.3177,-0.8227,-0.1619
1,12500,5671,-0.0401,-0.4409,-0.0266,-0.3155,-0.8197,-0.1608
1,12600,5700,-0.0436,-1.3839,-0.1316,-0.3134,-0.8242,-0.1606
1,12700,5735,-0.1518,-0.7885,-0.0323,-0.3121,-0.8239,-0.1596
1,12800,5757,-0.0643,-0.6755,-0.0405,-0.3102,-0.8227,-0.1586
1,12900,5790,-0.0711,-1.3891,-0.1109,-0.3083,-0.8271,-0.1583
1,13000,5816,-0.0521,-0.7770,-0.0253,-0.3063,-0.8267,-0.1572
1,13100,5857,-0.0871,-1.1925,-0.2251,-0.3047,-0.8295,-0.1578
1,13200,5882,-0.0549,-0.0650,-0.0951,-0.3028,-0.8237,-0.1573
1,13300,5906,-0.0820,-0.7695,-0.0627,-0.3011,-0.8233,-0.1566
1,13400,5933,-0.0710,-1.7597,-0.0625,-0.2994,-0.8303,-0.1559
1,13500,6019,-0.0848,-1.1875,-0.0661,-0.2978,-0.8330,-0.1552
1,13600,6043,-0.0738,-0.4309,-0.0177,-0.2961,-0.8300,-0.1542
1,13700,6077,-0.1034,-1.5172,-0.1437,-0.2947,-0.8350,-0.1541
1,13800,6101,-0.0900,-0.1491,-0.0735,-0.2933,-0.8300,-0.1535
1,13900,6127,-0.0447,-0.1379,-0.0763,-0.2915,-0.8251,-0.1530
1,14000,6149,-0.0771,-0.0555,-0.0554,-0.2899,-0.8196,-0.1523
1,14100,6171,-0.0526,-0.3099,-0.0143,-0.2883,-0.8160,-0.1513
1,14200,6265,-0.0908,-0.8758,-0.0966,-0.2869,-0.8164,-0.1509
1,14300,6289,-0.0502,-0.0994,-0.0550,-0.2852,-0.8114,-0.1502
1,14400,6310,-0.0218,-0.0950,-0.0507,-0.2834,-0.8064,-0.1495
1,14500,6351,-0.0617,-1.3297,-0.0720,-0.2819,-0.8100,-0.1490
1,14600,6373,-0.1651,-0.3982,-0.0795,-0.2811,-0.8072,-0.1485
1,14700,6400,-0.0747,-0.9498,-0.0328,-0.2796,-0.8081,-0.1477
1,14800,6473,-0.1166,-0.8415,-0.2221,-0.2785,-0.8084,-0.1483
1,14900,6496,-0.0541,-0.0705,-0.1237,-0.2770,-0.8034,-0.1481
1,15000,6522,-0.0360,-0.2336,-0.1045,-0.2754,-0.7996,-0.1478
1,15100,6548,-0.0410,-1.3719,-0.1115,-0.2739,-0.8034,-0.1476
1,15200,6583,-0.1200,-1.0591,-0.1103,-0.2729,-0.8051,-0.1473
1,15300,6607,-0.0921,-0.4373,-0.0731,-0.2717,-0.8027,-0.1468
1,15400,6632,-0.0301,-1.2043,-0.0953,-0.2701,-0.8053,-0.1465
1,15500,6664,-0.0869,-1.8886,-0.0510,-0.2689,-0.8123,-0.1459
1,15600,6684,-0.0664,-1.4617,-0.1271,-0.2676,-0.8165,-0.1458
1,15700,6721,-0.0675,-0.8877,-0.1988,-0.2664,-0.8169,-0.1461
1,15800,6742,-0.0883,-0.1720,-0.0334,-0.2652,-0.8128,-0.1454
1,15900,6768,-0.0409,-1.7329,-0.0533,-0.2638,-0.8186,-0.1448
1,16000,6801,-0.0847,-0.8478,-0.0820,-0.2627,-0.8188,-0.1444
1,16100,6823,-0.0603,-1.0902,-0.0338,-0.2614,-0.8205,-0.1437
1,16200,6919,-0.0784,-0.6208,-0.0470,-0.2603,-0.8192,-0.1431
1,16300,6939,-0.0467,-0.9522,-0.0625,-0.2590,-0.8201,-0.1426
1,16400,7031,-0.0544,-0.7988,-0.1936,-0.2578,-0.8199,-0.1429
1,16500,7052,-0.0491,-0.1006,-0.0366,-0.2565,-0.8156,-0.1423
1,16600,7087,-0.0669,-1.3492,-0.0440,-0.2554,-0.8188,-0.1417
1,16700,7107,-0.0894,-0.3576,-0.0528,-0.2544,-0.8160,-0.1412
1,16800,7206,-0.1345,-1.0393,-0.0847,-0.2536,-0.8174,-0.1408
1,16900,7226,-0.0354,-0.2645,-0.0327,-0.2524,-0.8141,-0.1402
1,17000,7249,-0.0395,-0.7388,-0.0779,-0.2511,-0.8136,-0.1398
1,17100,7344,-0.3396,-1.2947,-0.0299,-0.2516,-0.8165,-0.1392
1,17200,7364,-0.0638,-0.3643,-0.0533,-0.2505,-0.8138,-0.1387
1,17300,7464,-0.0607,-1.1438,-0.0612,-0.2494,-0.8157,-0.1382
1,17400,7484,-0.0485,-0.4227,-0.0429,-0.2483,-0.8135,-0.1377
1,17500,7523,-0.0484,-0.9883,-0.1959,-0.2471,-0.8145,-0.1380
1,17600,7542,-0.0897,-0.8523,-0.1341,-0.2462,-0.8147,-0.1380
1,17700,7643,-0.1798,-0.0282,-0.0767,-0.2459,-0.8102,-0.1377
1,17800,7665,-0.0315,-0.7552,-0.0704,-0.2447,-0.8099,-0.1373
1,17900,7704,-0.1862,-0.9530,-0.3046,-0.2443,-0.8107,-0.1382
1,18000,7725,-0.0316,-1.0130,-0.0597,-0.2431,-0.8119,-0.1378
1,18100,7817,-0.1186,-1.3367,-0.0575,-0.2425,-0.8148,-0.1373
1,18200,7835,-0.0518,-0.3956,-0.0706,-0.2414,-0.8125,-0.1370
1,18300,7863,-0.0354,-0.1236,-0.0735,-0.2403,-0.8087,-0.1366
1,18400,7890,-0.0595,-1.1131,-0.1399,-0.2393,-0.8103,-0.1366
1,18500,7951,-0.0970,-0.8010,-0.1002,-0.2385,-0.8103,-0.1364
1,18600,7970,-0.0732,-0.0500,-0.0676,-0.2376,-0.8062,-0.1361
1,18700,7998,-0.0401,-0.4196,-0.0427,-0.2366,-0.8041,-0.1356
1,18800,8095,-0.0419,-1.5279,-0.0420,-0.2356,-0.8080,-0.1351
1,18900,8111,-0.0532,-0.3760,-0.0592,-0.2346,-0.8057,-0.1347
1,19000,8135,-0.0264,-0.0852,-0.0286,-0.2335,-0.8019,-0.1341
1,19100,8164,-0.0615,-0.7718,-0.0613,-0.2326,-0.8018,-0.1337
1,19200,8256,-0.1627,-1.4288,-0.0586,-0.2322,-0.8050,-0.1333
1,19300,8276,-0.0611,-0.7303,-0.0462,-0.2313,-0.8046,-0.1329
1,19400,8304,-0.0561,-0.2038,-0.0395,-0.2304,-0.8015,-0.1324
1,19500,8330,-0.0595,-0.0819,-0.0302,-0.2296,-0.7978,-0.1319
1,19600,8357,-0.0285,-1.0255,-0.0580,-0.2285,-0.7990,-0.1315
1,19700,8442,-0.1477,-0.7782,-0.0353,-0.2281,-0.7989,-0.1310
1,19800,8471,-0.0461,-0.1661,-0.0568,-0.2272,-0.7957,-0.1306
1,19900,8500,-0.0320,-0.5278,-0.0233,-0.2262,-0.7944,-0.1301
1,20000,8528,-0.0466,-1.7609,-0.1051,-0.2253,-0.7992,-0.1300
1,20100,8567,-0.0819,-1.2275,-0.0806,-0.2246,-0.8013,-0.1297
1,20200,8593,-0.0391,-0.4197,-0.0762,-0.2237,-0.7994,-0.1295
1,20300,8637,-0.0600,-1.5404,-0.2711,-0.2229,-0.8031,-0.1302
1,20400,8656,-0.0370,-0.4153,-0.0404,-0.2220,-0.8012,-0.1297
1,20500,8695,-0.1056,-0.7084,-0.2591,-0.2214,-0.8007,-0.1304
1,20600,8728,-0.0503,-0.4310,-0.1589,-0.2206,-0.7989,-0.1305
1,20700,8769,-0.0760,-2.0674,-0.3351,-0.2199,-0.8051,-0.1315
1,20800,8787,-0.0584,-0.8808,-0.0623,-0.2191,-0.8054,-0.1311
1,20900,8814,-0.0523,-0.0883,-0.0264,-0.2183,-0.8020,-0.1306
1,21000,8914,-0.0736,-0.8521,-0.0397,-0.2176,-0.8022,-0.1302
1,21100,8940,-0.0416,-0.1700,-0.0544,-0.2168,-0.7992,-0.1299
1,21200,8970,-0.0580,-1.4202,-0.0762,-0.2160,-0.8022,-0.1296
1,21300,9073,-0.1989,-0.6927,-0.1119,-0.2160,-0.8017,-0.1295
1,21400,9096,-0.0437,-0.0711,-0.0445,-0.2151,-0.7982,-0.1291
1,21500,9128,-0.0758,-0.1630,-0.0185,-0.2145,-0.7953,-0.1286
1,21600,9157,-0.0891,-1.2357,-0.0565,-0.2139,-0.7973,-0.1283
1,21700,9242,-0.0693,-1.0518,-0.0883,-0.2133,-0.7985,-0.1281
1,21800,9261,-0.0716,-0.3831,-0.0929,-0.2126,-0.7966,-0.1279
1,21900,9307,-0.0579,-1.7121,-0.1170,-0.2119,-0.8008,-0.1279
1,22000,9332,-0.0732,-0.7050,-0.0479,-0.2113,-0.8003,-0.1275
1,22100,9364,-0.0706,-1.9546,-0.6054,-0.2106,-0.8056,-0.1297
1,22200,9433,-0.2432,-1.0213,-0.1855,-0.2108,-0.8065,-0.1299
1,22300,9464,-0.0471,-0.0980,-0.1059,-0.2100,-0.8034,-0.1298
1,22400,9496,-0.0741,-0.1310,-0.0684,-0.2094,-0.8004,-0.1295
2,100,120,-0.0278,-0.3497,-0.2105,-0.0278,-0.3497,-0.2105
2,200,195,-0.0646,-0.9234,-0.0579,-0.0463,-0.6380,-0.1338
2,300,221,-0.0498,-0.5920,-0.0526,-0.0475,-0.6226,-0.1067
2,400,373,-0.1863,-0.8716,-0.1407,-0.0823,-0.6850,-0.1152
2,500,398,-0.0330,-0.1463,-0.0366,-0.0724,-0.5771,-0.0994
2,600,423,-0.0394,-0.9574,-0.1134,-0.0669,-0.6405,-0.1018
2,700,453,-0.0528,-1.7700,-0.1440,-0.0649,-0.8021,-0.1078
2,800,547,-0.2578,-0.4508,-0.0481,-0.0890,-0.7582,-0.1004
2,900,572,-0.0881,-0.0515,-0.0323,-0.0889,-0.6796,-0.0928
2,1000,597,-0.0698,-0.1317,-0.0261,-0.0870,-0.6247,-0.0861
2,1100,622,-0.0378,-1.5927,-0.0989,-0.0825,-0.7128,-0.0873
2,1200,704,-0.0897,-1.1774,-0.0701,-0.0831,-0.7515,-0.0858
2,1300,729,-0.0659,-0.3169,-0.0272,-0.0818,-0.7181,-0.0813
2,1400,755,-0.0549,-0.8931,-0.0680,-0.0799,-0.7306,-0.0804
2,1500,847,-0.3197,-1.3317,-0.0984,-0.0959,-0.7707,-0.0816
2,1600,872,-0.0624,-0.3809,-0.0287,-0.0938,-0.7463,-0.0783
2,1700,897,-0.0688,-0.0258,-0.0227,-0.0923,-0.7039,-0.0750
2,1800,922,-0.0641,-0.0226,-0.0167,-0.0907,-0.6660,-0.0718
2,1900,947,-0.0631,-0.0338,-0.0300,-0.0893,-0.6327,-0.0696
2,2000,971,-0.0292,-0.4127,-0.0709,-0.0863,-0.6217,-0.0696
2,2100,1063,-0.1421,-1.6054,-0.0707,-0.0889,-0.6686,-0.0697
2,2200,1089,-0.2027,-0.3765,-0.0359,-0.0941,-0.6553,-0.0681
2,2300,1114,-0.0371,-0.0159,-0.0266,-0.0916,-0.6275,-0.0663
2,2400,1139,-0.0367,-0.0791,-0.0161,-0.0893,-0.6046,-0.0642
2,2500,1163,-0.0737,-0.0648,-0.0253,-0.0887,-0.5830,-0.0627
2,2600,1188,-0.0433,-0.0762,-0.0209,-0.0870,-0.5635,-0.0611
2,2700,1213,-0.0433,-0.1373,-0.0415,-0.0854,-0.5477,-0.0603
2,2800,1253,-0.1089,-1.6111,-0.0766,-0.0862,-0.5857,-0.0609
2,2900,1278,-0.1476,-1.3498,-0.0454,-0.0883,-0.6121,-0.0604
2,3000,1302,-0.0522,-0.7051,-0.0375,-0.0871,-0.6152,-0.0596
2,3100,1328,-0.0805,-0.2522,-0.0178,-0.0869,-0.6035,-0.0583
2,3200,1353,-0.0586,-1.5131,-0.0540,-0.0860,-0.6319,-0.0581
2,3300,1452,-0.1632,-1.8054,-0.2489,-0.0884,-0.6675,-0.0639
2,3400,1477,-0.0682,-1.3852,-0.0243,-0.0878,-0.6886,-0.0628
2,3500,1502,-0.0574,-0.4751,-0.0183,-0.0869,-0.6825,-0.0615
2,3600,1527,-0.0518,-0.1632,-0.0127,-0.0859,-0.6681,-0.0601
2,3700,1565,-0.0912,-1.5676,-0.0858,-0.0861,-0.6924,-0.0608
2,3800,1590,-0.0445,-1.3180,-0.0245,-0.0850,-0.7089,-0.0599
2,3900,1615,-0.0698,-0.2440,-0.0416,-0.0846,-0.6969,-0.0594
2,4000,1640,-0.1283,-1.1030,-0.0579,-0.0857,-0.7071,-0.0594
2,4100,1724,-0.1126,-1.6895,-0.0347,-0.0863,-0.7311,-0.0588
2,4200,1749,-0.0398,-0.8471,-0.0288,-0.0852,-0.7338,-0.0581
2,4300,1773,-0.0382,-0.7765,-0.0316,-0.0841,-0.7348,-0.0574
2,4400,1867,-0.4272,-2.1160,-0.1325,-0.0919,-0.7662,-0.0591
2,4500,1892,-0.0352,-1.0870,-0.0139,-0.0907,-0.7733,-0.0581
2,4600,1917,-0.0361,-0.4011,-0.0205,-0.0895,-0.7652,-0.0573
2,4700,1942,-0.0507,-0.5597,-0.0393,-0.0887,-0.7609,-0.0569
2,4800,2032,-0.1814,-1.6552,-0.0385,-0.0906,-0.7795,-0.0566
2,4900,2057,-0.0605,-0.7023,-0.0413,-0.0900,-0.7779,-0.0562
2,5000,2082,-0.0672,-0.6621,-0.0301,-0.0895,-0.7756,-0.0557
2,5100,2228,-0.4000,-1.4573,-0.1745,-0.0956,-0.7890,-0.0580
2,5200,2254,-0.0521,-0.6751,-0.0234,-0.0948,-0.7868,-0.0574
2,5300,2279,-0.0570,-0.2287,-0.0457,-0.0941,-0.7763,-0.0572
2,5400,2371,-0.4513,-1.5123,-0.0637,-0.1007,-0.7899,-0.0573
2,5500,2395,-0.0637,-1.0827,-0.0261,-0.1000,-0.7952,-0.0567
2,5600,2421,-0.0607,-0.2649,-0.0089,-0.0993,-0.7857,-0.0559
2,5700,2446,-0.0465,-0.8924,-0.0340,-0.0984,-0.7876,-0.0555
2,5800,2470,-0.0555,-1.8342,-0.1887,-0.0976,-0.8057,-0.0578
2,5900,2558,-0.0952,-0.9415,-0.0467,-0.0976,-0.8080,-0.0576
2,6000,2584,-0.0751,-0.7124,-0.0403,-0.0972,-0.8064,-0.0573
2,6100,2627,-0.0767,-0.9622,-0.4054,-0.0969,-0.8089,-0.0630
2,6200,2652,-0.0651,-0.2255,-0.0351,-0.0964,-0.7995,-0.0626
2,6300,2806,-0.2518,-1.2200,-0.0418,-0.0988,-0.8062,-0.0622
2,6400,2832,-0.0483,-0.2838,-0.0199,-0.0980,-0.7980,-0.0616
2,6500,2856,-0.0637,-1.0392,-0.0519,-0.0975,-0.8017,-0.0614
2,6600,2892,-0.1537,-0.7414,-0.1452,-0.0984,-0.8008,-0.0627
2,6700,2917,-0.0627,-0.1377,-0.0163,-0.0978,-0.7909,-0.0620
2,6800,2943,-0.0655,-0.4532,-0.0289,-0.0974,-0.7860,-0.0615
2,6900,3028,-0.3603,-1.0690,-0.0397,-0.1012,-0.7901,-0.0612
2,7000,3053,-0.0638,-0.1134,-0.0239,-0.1006,-0.7804,-0.0607
2,7100,3078,-0.0647,-1.0723,-0.0241,-0.1001,-0.7845,-0.0601
2,7200,3103,-0.0453,-1.4064,-0.1080,-0.0994,-0.7931,-0.0608
2,7300,3138,-0.1807,-0.4817,-0.2656,-0.1005,-0.7889,-0.0636
2,7400,3162,-0.0499,-0.1113,-0.0294,-0.0998,-0.7797,-0.0632
2,7500,3187,-0.0485,-1.3273,-0.0643,-0.0991,-0.7870,-0.0632
2,7600,3221,-0.3366,-0.2905,-0.2238,-0.1022,-0.7805,-0.0653
2,7700,3246,-0.0935,-0.2564,-0.0113,-0.1021,-0.7737,-0.0646
2,7800,3340,-0.0384,-1.1049,-0.0753,-0.1013,-0.7779,-0.0647
2,7900,3365,-0.0538,-0.0144,-0.0147,-0.1007,-0.7683,-0.0641
2,8000,3390,-0.0557,-0.0983,-0.0538,-0.1001,-0.7599,-0.0640
2,8100,3415,-0.0473,-1.9170,-0.1098,-0.0995,-0.7742,-0.0645
2,8200,3490,-0.0754,-0.4204,-0.0299,-0.0992,-0.7699,-0.0641
2,8300,3515,-0.0768,-0.1368,-0.0330,-0.0989,-0.7622,-0.0637
2,8400,3540,-0.0470,-0.0612,-0.0423,-0.0983,-0.7539,-0.0635
2,8500,3565,-0.0829,-0.0378,-0.0545,-0.0981,-0.7455,-0.0634
2,8600,3589,-0.0774,-0.3564,-0.0296,-0.0979,-0.7409,-0.0630
2,8700,3623,-0.1341,-1.2071,-0.2196,-0.0983,-0.7463,-0.0648
2,8800,3647,-0.0546,-0.7513,-0.0455,-0.0978,-0.7464,-0.0646
2,8900,3673,-0.1165,-0.1373,-0.0277,-0.0980,-0.7395,-0.0641
2,9000,3697,-0.0503,-1.4520,-0.0471,-0.0975,-0.7474,-0.0639
2,9100,3732,-0.0863,-2.1000,-0.1287,-0.0974,-0.7623,-0.0647
2,9200,3758,-0.2954,-0.4676,-0.0417,-0.0995,-0.7591,-0.0644
2,9300,3783,-0.0312,-0.8410,-0.0553,-0.0988,-0.7600,-0.0643
2,9400,3860,-0.2794,-1.3826,-0.0415,-0.1007,-0.7666,-0.0641
2,9500,3885,-0.0890,-0.7246,-0.0226,-0.1006,-0.7662,-0.0636
2,9600,3910,-0.1140,-0.0666,-0.0188,-0.1007,-0.7589,-0.0632
2,9700,3935,-0.1670,-0.0345,-0.0234,-0.1014,-0.7514,-0.0628
2,9800,3958,-0.1394,-0.2168,-0.0386,-0.1018,-0.7459,-0.0625
2,9900,4054,-0.1831,-1.5169,-0.0970,-0.1026,-0.7537,-0.0629
2,10000,4080,-0.1237,-0.8154,-0.0319,-0.1028,-0.7543,-0.0625
2,10100,4103,-0.0584,-0.4129,-0.0284,-0.1024,-0.7510,-0.0622
2,10200,4129,-0.0872,-0.0761,-0.0776,-0.1022,-0.7443,-0.0624
2,10300,4155,-0.0943,-0.1211,-0.0239,-0.1022,-0.7383,-0.0620
2,10400,4192,-0.1260,-0.6369,-0.0231,-0.1024,-0.7373,-0.0616
2,10500,4217,-0.2459,-1.3297,-0.1806,-0.1038,-0.7430,-0.0627
2,10600,4240,-0.1114,-0.8800,-0.0821,-0.1038,-0.7443,-0.0629
2,10700,4267,-0.0791,-0.0948,-0.0371,-0.1036,-0.7382,-0.0627
2,10800,4290,-0.0974,-0.1047,-0.0171,-0.1035,-0.7323,-0.0623
2,10900,4317,-0.1099,-0.4601,-0.0400,-0.1036,-0.7298,-0.0621
2,11000,4411,-0.1525,-1.4525,-0.0154,-0.1040,-0.7364,-0.0616
2,11100,4434,-0.0620,-1.3559,-0.0178,-0.1037,-0.7420,-0.0612
2,11200,4461,-0.0418,-0.5904,-0.0121,-0.1031,-0.7406,-0.0608
2,11300,4485,-0.0624,-0.1091,-0.0212,-0.1027,-0.7350,-0.0605
2,11400,4510,-0.0787,-1.1206,-0.0375,-0.1025,-0.7384,-0.0603
2,11500,4608,-0.3215,-1.5627,-0.0478,-0.1044,-0.7456,-0.0601
2,11600,4636,-0.0241,-0.9775,-0.0234,-0.1037,-0.7476,-0.0598
2,11700,4660,-0.0713,-0.4757,-0.0198,-0.1035,-0.7453,-0.0595
2,11800,4683,-0.0873,-2.0079,-0.2386,-0.1033,-0.7560,-0.0610
2,11900,4709,-0.0335,-1.4007,-0.0729,-0.1027,-0.7614,-0.0611
2,12000,4736,-0.0527,-0.7326,-0.0793,-0.1023,-0.7611,-0.0613
2,12100,4760,-0.0777,-0.6753,-0.0229,-0.1021,-0.7604,-0.0609
2,12200,4786,-0.0809,-1.3339,-0.0625,-0.1020,-0.7651,-0.0610
2,12300,4850,-0.3844,-1.8949,-0.0612,-0.1042,-0.7743,-0.0610
2,12400,4873,-0.0456,-1.3273,-0.0405,-0.1038,-0.7788,-0.0608
2,12500,4898,-0.0491,-0.4867,-0.0263,-0.1033,-0.7764,-0.0605
2,12600,4924,-0.0851,-1.1980,-0.1959,-0.1032,-0.7798,-0.0616
2,12700,4950,-0.0630,-1.6695,-0.0845,-0.1029,-0.7868,-0.0618
2,12800,4975,-0.0485,-1.4066,-0.0268,-0.1025,-0.7916,-0.0615
2,12900,5009,-0.1226,-1.3670,-0.0517,-0.1026,-0.7961,-0.0614
2,13000,5032,-0.0647,-0.1185,-0.0371,-0.1023,-0.7909,-0.0612
2,13100,5056,-0.0461,-0.0718,-0.0301,-0.1019,-0.7854,-0.0610
2,13200,5080,-0.0655,-0.1470,-0.0216,-0.1016,-0.7806,-0.0607
2,13300,5104,-0.0615,-0.0603,-0.0221,-0.1013,-0.7751,-0.0604
2,13400,5130,-0.0686,-0.1305,-0.0179,-0.1011,-0.7703,-0.0601
2,13500,5154,-0.0734,-0.9893,-0.0519,-0.1009,-0.7719,-0.0600
2,13600,5175,-0.0612,-1.4030,-0.0338,-0.1006,-0.7766,-0.0598
2,13700,5200,-0.0401,-1.7968,-0.1444,-0.1001,-0.7840,-0.0605
2,13800,5230,-0.0493,-1.2677,-0.0230,-0.0998,-0.7875,-0.0602
2,13900,5273,-0.1525,-1.4595,-0.0795,-0.1001,-0.7924,-0.0603
2,14000,5296,-0.0632,-0.5823,-0.0180,-0.0999,-0.7909,-0.0600
2,14100,5321,-0.1383,-0.0412,-0.0479,-0.1001,-0.7856,-0.0599
2,14200,5339,-0.0344,-0.0643,-0.0258,-0.0997,-0.7805,-0.0597
2,14300,5364,-0.0780,-0.0755,-0.0246,-0.0995,-0.7755,-0.0594
2,14400,5411,-0.1206,-1.1277,-0.0728,-0.0997,-0.7780,-0.0595
2,14500,5499,-0.1759,-0.6936,-0.0553,-0.1002,-0.7774,-0.0595
2,14600,5524,-0.0469,-0.0662,-0.0214,-0.0998,-0.7725,-0.0592
2,14700,5545,-0.0528,-0.8895,-0.0243,-0.0995,-0.7733,-0.0590
2,14800,5570,-0.0603,-1.4689,-0.0249,-0.0993,-0.7780,-0.0588
2,14900,5668,-0.1033,-0.3173,-0.0307,-0.0993,-0.7749,-0.0586
2,15000,5689,-0.0977,-0.5967,-0.0584,-0.0993,-0.7738,-0.0586
2,15100,5737,-0.1730,-1.3556,-0.0872,-0.0998,-0.7776,-0.0588
2,15200,5756,-0.0852,-0.0281,-0.0234,-0.0997,-0.7727,-0.0585
2,15300,5782,-0.0757,-1.1121,-0.0335,-0.0995,-0.7749,-0.0584
2,15400,5809,-0.0708,-1.2075,-0.0370,-0.0993,-0.7777,-0.0582
2,15500,5843,-0.0900,-1.2289,-0.2522,-0.0993,-0.7806,-0.0595
2,15600,5868,-0.0928,-0.1700,-0.0710,-0.0992,-0.7767,-0.0596
2,15700,5954,-0.0949,-0.4916,-0.0528,-0.0992,-0.7749,-0.0595
2,15800,6051,-0.0720,-0.9495,-0.0574,-0.0990,-0.7760,-0.0595
2,15900,6068,-0.1101,-0.0404,-0.0531,-0.0991,-0.7714,-0.0595
2,16000,6091,-0.0700,-0.0411,-0.0125,-0.0989,-0.7668,-0.0592
2,16100,6121,-0.1143,-1.1789,-0.0522,-0.0990,-0.7694,-0.0591
2,16200,6222,-0.1792,-1.4180,-0.1195,-0.0995,-0.7734,-0.0595
2,16300,6301,-0.1350,-1.6309,-0.1298,-0.0997,-0.7786,-0.0599
2,16400,6352,-0.1575,-1.8538,-0.1967,-0.1001,-0.7852,-0.0608
2,16500,6371,-0.0643,-1.6582,-0.5149,-0.0999,-0.7905,-0.0635
2,16600,6450,-0.2536,-0.9310,-0.1283,-0.1008,-0.7913,-0.0639
2,16700,6472,-0.0989,-0.1217,-0.0167,-0.1008,-0.7873,-0.0636
2,16800,6499,-0.0888,-1.3988,-0.0307,-0.1007,-0.7910,-0.0634
2,16900,6543,-0.1010,-1.5242,-0.1460,-0.1007,-0.7953,-0.0639
2,17000,6563,-0.1683,-0.6206,-0.0512,-0.1011,-0.7943,-0.0639
2,17100,6591,-0.0861,-0.0794,-0.0560,-0.1010,-0.7901,-0.0638
2,17200,6699,-0.1423,-0.5911,-0.0789,-0.1012,-0.7889,-0.0639
2,17300,6719,-0.3442,-1.2688,-0.0490,-0.1027,-0.7917,-0.0638
2,17400,6741,-0.0703,-0.3315,-0.0425,-0.1025,-0.7891,-0.0637
2,17500,6770,-0.0634,-0.9331,-0.0297,-0.1022,-0.7899,-0.0635
2,17600,6887,-0.7944,-1.2843,-0.0580,-0.1062,-0.7927,-0.0635
2,17700,6904,-0.4452,-0.7686,-0.0393,-0.1081,-0.7926,-0.0633
2,17800,6934,-0.0538,-0.0963,-0.0489,-0.1078,-0.7886,-0.0632
2,17900,6963,-0.0577,-0.4616,-0.0292,-0.1075,-0.7868,-0.0631
2,18000,7064,-0.2195,-0.7956,-0.0888,-0.1081,-0.7869,-0.0632
2,18100,7090,-0.1488,-0.1406,-0.0557,-0.1084,-0.7833,-0.0632
2,18200,7132,-0.1032,-1.1673,-0.0703,-0.1083,-0.7854,-0.0632
2,18300,7157,-0.0757,-0.5081,-0.0590,-0.1081,-0.7839,-0.0632
2,18400,7186,-0.0263,-1.5629,-0.0672,-0.1077,-0.7881,-0.0632
2,18500,7282,-0.0576,-0.9314,-0.0482,-0.1074,-0.7889,-0.0631
2,18600,7305,-0.0429,-0.5846,-0.0480,-0.1071,-0.7878,-0.0630
2,18700,7406,-0.2256,-1.6431,-0.1098,-0.1077,-0.7924,-0.0633
2,18800,7424,-0.1926,-0.5385,-0.0316,-0.1082,-0.7910,-0.0631
2,18900,7468,-0.1566,-1.1273,-0.1709,-0.1084,-0.7928,-0.0637
2,19000,7493,-0.1281,-1.7282,-0.0360,-0.1085,-0.7977,-0.0635
2,19100,7592,-0.3463,-1.3258,-0.0467,-0.1098,-0.8005,-0.0634
2,19200,7614,-0.0872,-0.4048,-0.0263,-0.1097,-0.7984,-0.0633
2,19300,7638,-0.0801,-0.1188,-0.0613,-0.1095,-0.7949,-0.0632
2,19400,7689,-0.0730,-1.4225,-0.1879,-0.1093,-0.7981,-0.0639
2,19500,7708,-0.1040,-0.5719,-0.0643,-0.1093,-0.7970,-0.0639
2,19600,7736,-0.0537,-0.1040,-0.0198,-0.1090,-0.7934,-0.0637
2,19700,7784,-0.0532,-1.3085,-0.1098,-0.1087,-0.7961,-0.0639
2,19800,7807,-0.0932,-0.7793,-0.3048,-0.1086,-0.7960,-0.0651
2,19900,7838,-0.0492,-0.2191,-0.0169,-0.1083,-0.7931,-0.0649
2,20000,7933,-0.0692,-0.9135,-0.0749,-0.1081,-0.7937,-0.0649
2,20100,7978,-0.0659,-1.8819,-0.1719,-0.1079,-0.7991,-0.0655
2,20200,8068,-0.1534,-1.7217,-0.0670,-0.1082,-0.8037,-0.0655
2,20300,8087,-0.1182,-0.2698,-0.0520,-0.1082,-0.8010,-0.0654
2,20400,8121,-0.0717,-0.0617,-0.0280,-0.1080,-0.7974,-0.0652
2,20500,8156,-0.0486,-0.1134,-0.0242,-0.1077,-0.7941,-0.0650
2,20600,8191,-0.0630,-0.1214,-0.0162,-0.1075,-0.7908,-0.0648
2,20700,8248,-0.0842,-1.1573,-0.2575,-0.1074,-0.7926,-0.0657
2,20800,8270,-0.0466,-0.4998,-0.0788,-0.1071,-0.7912,-0.0658
2,20900,8304,-0.0926,-0.1142,-0.0550,-0.1071,-0.7879,-0.0657
2,21000,8338,-0.0629,-1.0605,-0.0787,-0.1068,-0.7892,-0.0658
2,21100,8428,-0.0500,-1.2624,-0.0532,-0.1066,-0.7915,-0.0657
2,21200,8455,-0.0964,-0.3423,-0.0900,-0.1065,-0.7893,-0.0658
2,21300,8489,-0.0597,-0.0403,-0.0929,-0.1063,-0.7858,-0.0660
2,21400,8607,-0.1241,-0.8739,-0.1322,-0.1064,-0.7862,-0.0663
2,21500,8624,-0.3214,-0.1575,-0.0193,-0.1074,-0.7833,-0.0661
2,21600,8658,-0.0433,-0.0631,-0.0211,-0.1071,-0.7800,-0.0658
2,21700,8690,-0.0811,-0.0780,-0.0094,-0.1070,-0.7767,-0.0656
2,21800,8722,-0.0763,-0.0706,-0.0199,-0.1068,-0.7735,-0.0654
2,21900,8755,-0.0823,-0.3503,-0.0625,-0.1067,-0.7716,-0.0654
2,22000,8848,-0.0925,-1.5972,-0.1508,-0.1067,-0.7753,-0.0658
2,22100,8959,-0.0917,-1.7567,-0.0697,-0.1066,-0.7798,-0.0658
2,22200,8979,-0.0533,-0.2301,-0.1007,-0.1063,-0.7773,-0.0659
2,22300,9012,-0.1256,-0.0196,-0.0230,-0.1064,-0.7739,-0.0657
2,22400,9045,-0.0738,-0.1128,-0.0341,-0.1063,-0.7709,-0.0656
2,22500,9079,-0.0436,-1.0091,-0.0883,-0.1060,-0.7720,-0.0657
2,22600,9122,-0.0530,-0.7327,-0.1095,-0.1058,-0.7718,-0.0659
2,22700,9216,-0.0853,-0.6515,-0.0550,-0.1057,-0.7713,-0.0658
2,22800,9235,-0.0220,-0.0582,-0.0540,-0.1053,-0.7682,-0.0658
2,22900,9268,-0.0969,-0.1348,-0.0623,-0.1053,-0.7654,-0.0658
2,23000,9299,-0.0514,-0.0632,-0.0512,-0.1050,-0.7624,-0.0657
2,23100,9346,-0.1222,-1.1553,-0.1137,-0.1051,-0.7641,-0.0659
2,23200,9374,-0.0364,-0.8594,-0.0710,-0.1048,-0.7645,-0.0659
2,23300,9465,-0.0783,-1.5184,-0.1355,-0.1047,-0.7677,-0.0662
3,100,117,-0.0786,-1.3790,-0.0602,-0.0786,-1.3790,-0.0602
3,200,142,-0.0502,-0.4174,-0.0076,-0.0644,-0.8958,-0.0337
3,300,167,-0.0609,-0.3532,-0.0130,-0.0632,-0.7143,-0.0268
3,400,260,-0.0743,-0.9827,-0.0192,-0.0660,-0.7816,-0.0249
3,500,285,-0.1063,-0.2608,-0.0536,-0.0741,-0.6772,-0.0307
3,600,310,-0.0746,-0.5159,-0.0238,-0.0741,-0.6503,-0.0295
3,700,401,-0.1241,-0.5847,-0.0294,-0.0813,-0.6409,-0.0295
3,800,425,-0.0765,-0.8878,-0.0172,-0.0807,-0.6718,-0.0280
3,900,517,-0.2799,-0.8072,-0.0627,-0.1029,-0.6869,-0.0318
3,1000,542,-0.1065,-0.1863,-0.0205,-0.1032,-0.6367,-0.0307
3,1100,577,-0.0542,-1.6121,-0.0379,-0.0988,-0.7255,-0.0314
3,1200,602,-0.0630,-0.1571,-0.0451,-0.0958,-0.6781,-0.0325
3,1300,627,-0.0534,-0.1638,-0.0548,-0.0925,-0.6385,-0.0342
3,1400,651,-0.0858,-1.2524,-0.0162,-0.0920,-0.6824,-0.0329
3,1500,747,-0.1688,-0.7226,-0.0501,-0.0972,-0.6851,-0.0341
3,1600,772,-0.1155,-0.6956,-0.0950,-0.0983,-0.6857,-0.0379
3,1700,797,-0.1487,-1.0891,-0.1085,-0.1013,-0.7095,-0.0420
3,1800,821,-0.0695,-0.7945,-0.0916,-0.0995,-0.7142,-0.0448
3,1900,865,-0.0695,-0.9263,-0.1315,-0.0979,-0.7254,-0.0494
3,2000,890,-0.0643,-0.1934,-0.0511,-0.0962,-0.6988,-0.0494
3,2100,916,-0.0770,-0.0813,-0.0387,-0.0953,-0.6693,-0.0489
3,2200,940,-0.0596,-0.0447,-0.0750,-0.0937,-0.6409,-0.0501
3,2300,966,-0.0554,-0.1108,-0.0338,-0.0920,-0.6179,-0.0494
3,2400,990,-0.0603,-0.0576,-0.0145,-0.0907,-0.5945,-0.0480
3,2500,1015,-0.0742,-0.0649,-0.0174,-0.0901,-0.5733,-0.0467
3,2600,1040,-0.0604,-0.0400,-0.0173,-0.0889,-0.5528,-0.0456
3,2700,1066,-0.0374,-0.0727,-0.0547,-0.0870,-0.5350,-0.0459
3,2800,1091,-0.0515,-0.1380,-0.0288,-0.0857,-0.5208,-0.0453
3,2900,1116,-0.0535,-0.2736,-0.0578,-0.0846,-0.5123,-0.0458
3,3000,1141,-0.0745,-1.2073,-0.0184,-0.0843,-0.5355,-0.0448
3,3100,1166,-0.0733,-0.2119,-0.0450,-0.0839,-0.5250,-0.0448
3,3200,1191,-0.0352,-0.6249,-0.0426,-0.0824,-0.5282,-0.0448
3,3300,1216,-0.0542,-0.0410,-0.0287,-0.0815,-0.5134,-0.0443
3,3400,1241,-0.0592,-0.0481,-0.0145,-0.0809,-0.4997,-0.0434
3,3500,1266,-0.0482,-0.0444,-0.0221,-0.0800,-0.4867,-0.0428
3,3600,1291,-0.0244,-0.0548,-0.0285,-0.0784,-0.4747,-0.0424
3,3700,1316,-0.0861,-0.0643,-0.0238,-0.0786,-0.4636,-0.0419
3,3800,1341,-0.0523,-0.1212,-0.0170,-0.0779,-0.4546,-0.0412
3,3900,1366,-0.0769,-0.1286,-0.0244,-0.0779,-0.4462,-0.0408
3,4000,1391,-0.0341,-0.1330,-0.0342,-0.0768,-0.4384,-0.0406
3,4100,1416,-0.0312,-0.0989,-0.0448,-0.0757,-0.4301,-0.0407
3,4200,1441,-0.0616,-0.0842,-0.0728,-0.0754,-0.4219,-0.0415
3,4300,1466,-0.0559,-0.1598,-0.0501,-0.0749,-0.4158,-0.0417
3,4400,1491,-0.0596,-0.0681,-0.0209,-0.0746,-0.4079,-0.0412
3,4500,1516,-0.0878,-0.0614,-0.0162,-0.0749,-0.4002,-0.0407
3,4600,1541,-0.1031,-0.0785,-0.0157,-0.0755,-0.3932,-0.0401
3,4700,1566,-0.0538,-0.0424,-0.0265,-0.0750,-0.3857,-0.0398
3,4800,1592,-0.0661,-0.0822,-0.0807,-0.0748,-0.3794,-0.0407
3,4900,1617,-0.0684,-0.0310,-0.0215,-0.0747,-0.3723,-0.0403
3,5000,1642,-0.0527,-0.0513,-0.0141,-0.0742,-0.3658,-0.0398
3,5100,1666,-0.1082,-0.0809,-0.0229,-0.0749,-0.3603,-0.0395
3,5200,1692,-0.0851,-0.2102,-0.0270,-0.0751,-0.3574,-0.0392
3,5300,1717,-0.0580,-0.5519,-0.0165,-0.0748,-0.3610,-0.0388
3,5400,1742,-0.1086,-0.0685,-0.0424,-0.0754,-0.3556,-0.0389
3,5500,1767,-0.0929,-0.0282,-0.0217,-0.0757,-0.3497,-0.0385
3,5600,1792,-0.0440,-0.0273,-0.0422,-0.0752,-0.3439,-0.0386
3,5700,1817,-0.0322,-0.0900,-0.0196,-0.0744,-0.3395,-0.0383
3,5800,1842,-0.0678,-0.0826,-0.0197,-0.0743,-0.3350,-0.0380
3,5900,1867,-0.0639,-0.1317,-0.0512,-0.0741,-0.3316,-0.0382
3,6000,1892,-0.1061,-0.1127,-0.0343,-0.0747,-0.3279,-0.0381
3,6100,1917,-0.1186,-0.0796,-0.0197,-0.0754,-0.3239,-0.0378
3,6200,1942,-0.0900,-0.1255,-0.0215,-0.0756,-0.3207,-0.0375
3,6300,1967,-0.1072,-0.0957,-0.0098,-0.0761,-0.3171,-0.0371
3,6400,1992,-0.0492,-0.0685,-0.0405,-0.0757,-0.3132,-0.0372
3,6500,2017,-0.0661,-0.0564,-0.0184,-0.0755,-0.3093,-0.0369
3,6600,2042,-0.0856,-0.0689,-0.0184,-0.0757,-0.3056,-0.0366
3,6700,2067,-0.0670,-0.1208,-0.0169,-0.0756,-0.3029,-0.0363
3,6800,2092,-0.0883,-0.0775,-0.0088,-0.0758,-0.2995,-0.0359
3,6900,2116,-0.0486,-0.0181,-0.0161,-0.0754,-0.2955,-0.0356
3,7000,2142,-0.0358,-0.0632,-0.0587,-0.0748,-0.2921,-0.0359
3,7100,2167,-0.0805,-0.0398,-0.0245,-0.0749,-0.2886,-0.0358
3,7200,2192,-0.0647,-0.0540,-0.0323,-0.0747,-0.2853,-0.0357
3,7300,2217,-0.0645,-0.0686,-0.0259,-0.0746,-0.2824,-0.0356
3,7400,2241,-0.0717,-1.1252,-0.0315,-0.0746,-0.2938,-0.0355
3,7500,2266,-0.0895,-0.3306,-0.0318,-0.0748,-0.2942,-0.0355
3,7600,2290,-0.0417,-0.0895,-0.0222,-0.0743,-0.2915,-0.0353
3,7700,2316,-0.0348,-0.0515,-0.0343,-0.0738,-0.2884,-0.0353
3,7800,2341,-0.0934,-0.1424,-0.0564,-0.0741,-0.2866,-0.0356
3,7900,2366,-0.1129,-0.0834,-0.0169,-0.0746,-0.2840,-0.0353
3,8000,2392,-0.0355,-0.0738,-0.0587,-0.0741,-0.2814,-0.0356
3,8100,2416,-0.0640,-0.0405,-0.0133,-0.0739,-0.2784,-0.0354
3,8200,2442,-0.0464,-0.1582,-0.0109,-0.0736,-0.2769,-0.0351
3,8300,2466,-0.0420,-0.0784,-0.0196,-0.0732,-0.2745,-0.0349
3,8400,2492,-0.0606,-0.1183,-0.0383,-0.0731,-0.2727,-0.0349
3,8500,2516,-0.0580,-0.3718,-0.0245,-0.0729,-0.2738,-0.0348
3,8600,2542,-0.0778,-0.1348,-0.0257,-0.0730,-0.2722,-0.0347
3,8700,2567,-0.0607,-0.0720,-0.0257,-0.0728,-0.2699,-0.0346
3,8800,2591,-0.1630,-0.2017,-0.0430,-0.0738,-0.2691,-0.0347
3,8900,2617,-0.0633,-0.0679,-0.0227,-0.0737,-0.2669,-0.0345
3,9000,2641,-0.1359,-0.0282,-0.0293,-0.0744,-0.2642,-0.0345
3,9100,2667,-0.0840,-0.1070,-0.0153,-0.0745,-0.2625,-0.0343
3,9200,2691,-0.0664,-0.0950,-0.0185,-0.0744,-0.2607,-0.0341
3,9300,2716,-0.0611,-0.1223,-0.0293,-0.0743,-0.2592,-0.0340
3,9400,2743,-0.1013,-0.0537,-0.0172,-0.0746,-0.2570,-0.0339
3,9500,2769,-0.1353,-0.1130,-0.0336,-0.0752,-0.2555,-0.0339
3,9600,2793,-0.0965,-0.0634,-0.0272,-0.0754,-0.2535,-0.0338
3,9700,2819,-0.1366,-0.1272,-0.0225,-0.0761,-0.2522,-0.0337
3,9800,2843,-0.1217,-0.0636,-0.0142,-0.0765,-0.2503,-0.0335
3,9900,2869,-0.0664,-0.1157,-0.0307,-0.0764,-0.2489,-0.0335
3,10000,2893,-0.0688,-0.1170,-0.0334,-0.0763,-0.2476,-0.0335
3,10100,2918,-0.1155,-0.0455,-0.0218,-0.0767,-0.2456,-0.0333
3,10200,2942,-0.0434,-0.1319,-0.0545,-0.0764,-0.2445,-0.0335
3,10300,2968,-0.1063,-0.0344,-0.0671,-0.0767,-0.2424,-0.0339
3,10400,2993,-0.0722,-0.1306,-0.0232,-0.0767,-0.2413,-0.0338
3,10500,3018,-0.0764,-0.1416,-0.0243,-0.0767,-0.2404,-0.0337
3,10600,3043,-0.1636,-0.0463,-0.0511,-0.0775,-0.2386,-0.0338
3,10700,3068,-0.0439,-0.1661,-0.0442,-0.0772,-0.2379,-0.0339
3,10800,3093,-0.1053,-0.2333,-0.0092,-0.0774,-0.2378,-0.0337
3,10900,3117,-0.0606,-0.1235,-0.0145,-0.0773,-0.2368,-0.0335
3,11000,3144,-0.0549,-0.3145,-0.0101,-0.0771,-0.2375,-0.0333
3,11100,3168,-0.0933,-0.0949,-0.0268,-0.0772,-0.2362,-0.0333
3,11200,3194,-0.0563,-0.1063,-0.0245,-0.0770,-0.2351,-0.0332
3,11300,3218,-0.0309,-0.1730,-0.0260,-0.0766,-0.2345,-0.0331
3,11400,3243,-0.1100,-0.1539,-0.0319,-0.0769,-0.2338,-0.0331
3,11500,3268,-0.0751,-0.0937,-0.0327,-0.0769,-0.2326,-0.0331
3,11600,3293,-0.0521,-0.1085,-0.0720,-0.0767,-0.2315,-0.0334
3,11700,3317,-0.1221,-0.0531,-0.0210,-0.0771,-0.2300,-0.0333
3,11800,3340,-0.1189,-0.0889,-0.0269,-0.0774,-0.2288,-0.0333
3,11900,3366,-0.0624,-0.0971,-0.0239,-0.0773,-0.2277,-0.0332
3,12000,3391,-0.1321,-0.5832,-0.0272,-0.0778,-0.2306,-0.0331
3,12100,3415,-0.0849,-0.0874,-0.0231,-0.0778,-0.2295,-0.0331
3,12200,3441,-0.0544,-0.0949,-0.0254,-0.0776,-0.2284,-0.0330
3,12300,3468,-0.0704,-0.0364,-0.0184,-0.0776,-0.2268,-0.0329
3,12400,3492,-0.1075,-0.0461,-0.0488,-0.0778,-0.2253,-0.0330
3,12500,3518,-0.0833,-0.0167,-0.0257,-0.0778,-0.2237,-0.0330
3,12600,3543,-0.0377,-0.0635,-0.0231,-0.0775,-0.2224,-0.0329
3,12700,3566,-0.1134,-0.1667,-0.0194,-0.0778,-0.2220,-0.0328
3,12800,3590,-0.0948,-0.1253,-0.0148,-0.0779,-0.2212,-0.0326
3,12900,3613,-0.0900,-0.0351,-0.0300,-0.0780,-0.2198,-0.0326
3,13000,3639,-0.0970,-0.1026,-0.0288,-0.0782,-0.2189,-0.0326
3,13100,3658,-0.1234,-0.1143,-0.0086,-0.0785,-0.2181,-0.0324
3,13200,3684,-0.0630,-0.1283,-0.0112,-0.0784,-0.2174,-0.0322
3,13300,3710,-0.0891,-0.1082,-0.0490,-0.0785,-0.2166,-0.0324
3,13400,3736,-0.0502,-0.0700,-0.0166,-0.0783,-0.2155,-0.0322
3,13500,3760,-0.1049,-0.0368,-0.0411,-0.0785,-0.2141,-0.0323
3,13600,3786,-0.1167,-0.1047,-0.0312,-0.0788,-0.2133,-0.0323
3,13700,3812,-0.1678,-0.1757,-0.0469,-0.0794,-0.2131,-0.0324
3,13800,3838,-0.1276,-0.0680,-0.0454,-0.0798,-0.2120,-0.0325
3,13900,3862,-0.0755,-0.0744,-0.0470,-0.0797,-0.2110,-0.0326
3,14000,3886,-0.1078,-0.0554,-0.0235,-0.0799,-0.2099,-0.0325
3,14100,3914,-0.1578,-0.0417,-0.0366,-0.0805,-0.2087,-0.0326
3,14200,3936,-0.1682,-0.0394,-0.0207,-0.0811,-0.2075,-0.0325
3,14300,3964,-0.1593,-0.0587,-0.0306,-0.0816,-0.2065,-0.0325
3,14400,3990,-0.1148,-0.0347,-0.0098,-0.0819,-0.2053,-0.0323
3,14500,4017,-0.1205,-0.0419,-0.0239,-0.0821,-0.2042,-0.0323
3,14600,4042,-0.2430,-0.1079,-0.0411,-0.0832,-0.2035,-0.0323
3,14700,4071,-0.1141,-0.1151,-0.0273,-0.0834,-0.2029,-0.0323
3,14800,4096,-0.1119,-0.1177,-0.0268,-0.0836,-0.2023,-0.0322
3,14900,4123,-0.1495,-0.0860,-0.0138,-0.0841,-0.2016,-0.0321
3,15000,4149,-0.1540,-0.0671,-0.0255,-0.0846,-0.2007,-0.0321
3,15100,4177,-0.0647,-0.1556,-0.0242,-0.0844,-0.2004,-0.0320
3,15200,4205,-0.1415,-0.1393,-0.0216,-0.0848,-0.2000,-0.0320
3,15300,4231,-0.0937,-0.1240,-0.0497,-0.0849,-0.1995,-0.0321
3,15400,4260,-0.1895,-0.0928,-0.0306,-0.0855,-0.1988,-0.0321
3,15500,4285,-0.1223,-0.0625,-0.0522,-0.0858,-0.1979,-0.0322
3,15600,4312,-0.0841,-0.0816,-0.0678,-0.0858,-0.1971,-0.0324
3,15700,4338,-0.0490,-0.1093,-0.0300,-0.0855,-0.1966,-0.0324
3,15800,4368,-0.1113,-0.0497,-0.0217,-0.0857,-0.1957,-0.0323
3,15900,4395,-0.1550,-0.0440,-0.0138,-0.0861,-0.1947,-0.0322
3,16000,4423,-0.1613,-0.1371,-0.0191,-0.0866,-0.1943,-0.0321
3,16100,4449,-0.2113,-0.3815,-0.0377,-0.0874,-0.1955,-0.0322
3,16200,4477,-0.1648,-0.0601,-0.0104,-0.0878,-0.1947,-0.0320
3,16300,4505,-0.1551,-0.0900,-0.0532,-0.0883,-0.1940,-0.0322
3,16400,4531,-0.1611,-0.0595,-0.0756,-0.0887,-0.1932,-0.0324
3,16500,4559,-0.0955,-0.1117,-0.0708,-0.0887,-0.1927,-0.0327
3,16600,4588,-0.0854,-0.3953,-0.0431,-0.0887,-0.1939,-0.0327
3,16700,4615,-0.0636,-0.2608,-0.0446,-0.0886,-0.1943,-0.0328
3,16800,4642,-0.1392,-0.4486,-0.0133,-0.0889,-0.1958,-0.0327
3,16900,4669,-0.1285,-0.1695,-0.0259,-0.0891,-0.1957,-0.0326
3,17000,4697,-0.0899,-0.0959,-0.0529,-0.0891,-0.1951,-0.0328
3,17100,4724,-0.1132,-0.0745,-0.0273,-0.0893,-0.1944,-0.0327
3,17200,4753,-0.0444,-0.0822,-0.0249,-0.0890,-0.1937,-0.0327
3,17300,4780,-0.0609,-0.0791,-0.0146,-0.0888,-0.1931,-0.0326
3,17400,4810,-0.0768,-0.1221,-0.0223,-0.0888,-0.1927,-0.0325
3,17500,4838,-0.0816,-0.1344,-0.0199,-0.0887,-0.1923,-0.0325
3,17600,4869,-0.1236,-0.1409,-0.0505,-0.0889,-0.1920,-0.0326
3,17700,4896,-0.0887,-0.0446,-0.0266,-0.0889,-0.1912,-0.0325
3,17800,4922,-0.0404,-0.1109,-0.0200,-0.0886,-0.1908,-0.0325
3,17900,4950,-0.0666,-0.0997,-0.0172,-0.0885,-0.1903,-0.0324
3,18000,4975,-0.0577,-0.0903,-0.0439,-0.0884,-0.1897,-0.0324
3,18100,5003,-0.0988,-0.0911,-0.0811,-0.0884,-0.1892,-0.0327
3,18200,5031,-0.0979,-0.0712,-0.0469,-0.0885,-0.1885,-0.0328
3,18300,5058,-0.1731,-0.1464,-0.0517,-0.0889,-0.1883,-0.0329
3,18400,5087,-0.0782,-0.0787,-0.0561,-0.0889,-0.1877,-0.0330
3,18500,5117,-0.1080,-0.0979,-0.0153,-0.0890,-0.1872,-0.0329
3,18600,5146,-0.1699,-0.1235,-0.0391,-0.0894,-0.1869,-0.0329
3,18700,5177,-0.0749,-0.2345,-0.0214,-0.0893,-0.1871,-0.0329
3,18800,5206,-0.1669,-0.1000,-0.0240,-0.0897,-0.1866,-0.0328
3,18900,5237,-0.0335,-0.1399,-0.0270,-0.0894,-0.1864,-0.0328
3,19000,5268,-0.0871,-0.2227,-0.0245,-0.0894,-0.1866,-0.0328
3,19100,5300,-0.0783,-0.0330,-0.0213,-0.0894,-0.1858,-0.0327
3,19200,5331,-0.0974,-0.0611,-0.0240,-0.0894,-0.1851,-0.0327
3,19300,5361,-0.0457,-0.0767,-0.0673,-0.0892,-0.1846,-0.0328
3,19400,5392,-0.0759,-0.1017,-0.0215,-0.0891,-0.1841,-0.0328
3,19500,5420,-0.0934,-0.1000,-0.0169,-0.0891,-0.1837,-0.0327
3,19600,5450,-0.0741,-0.1289,-0.0160,-0.0891,-0.1834,-0.0326
3,19700,5481,-0.1152,-0.2564,-0.0140,-0.0892,-0.1838,-0.0325
3,19800,5511,-0.0732,-0.4322,-0.0434,-0.0891,-0.1851,-0.0326
3,19900,5541,-0.0860,-0.1146,-0.0119,-0.0891,-0.1847,-0.0325
3,20000,5574,-0.0660,-0.2213,-0.0222,-0.0890,-0.1849,-0.0324
3,20100,5606,-0.1030,-0.4764,-0.0166,-0.0891,-0.1863,-0.0323
3,20200,5640,-0.0601,-0.2598,-0.0180,-0.0889,-0.1867,-0.0323
3,20300,5671,-0.0528,-0.0555,-0.0072,-0.0887,-0.1861,-0.0321
3,20400,5707,-0.0749,-0.0330,-0.0200,-0.0887,-0.1853,-0.0321
3,20500,5744,-0.1113,-0.0638,-0.0368,-0.0888,-0.1847,-0.0321
3,20600,5777,-0.1318,-0.3578,-0.0512,-0.0890,-0.1856,-0.0322
3,20700,5808,-0.1170,-0.3067,-0.0367,-0.0891,-0.1861,-0.0322
3,20800,5841,-0.0768,-0.3216,-0.0350,-0.0891,-0.1868,-0.0322
3,20900,5875,-0.1003,-0.0258,-0.0354,-0.0891,-0.1860,-0.0322
3,21000,5908,-0.0841,-0.0369,-0.0379,-0.0891,-0.1853,-0.0323
3,21100,5944,-0.1096,-0.1086,-0.0249,-0.0892,-0.1849,-0.0322
3,21200,5980,-0.1096,-0.4832,-0.0620,-0.0893,-0.1864,-0.0324
3,21300,6013,-0.1473,-0.3836,-0.0252,-0.0896,-0.1873,-0.0323
3,21400,6045,-0.1705,-0.1860,-0.0428,-0.0899,-0.1873,-0.0324
3,21500,6077,-0.0885,-0.3401,-0.0234,-0.0899,-0.1880,-0.0324
3,21600,6112,-0.1271,-0.0862,-0.0746,-0.0901,-0.1875,-0.0326
3,21700,6144,-0.1639,-0.1197,-0.0463,-0.0904,-0.1872,-0.0326
3,21800,6176,-0.1485,-0.3550,-0.0188,-0.0907,-0.1880,-0.0326
3,21900,6208,-0.1564,-0.1657,-0.0145,-0.0910,-0.1879,-0.0325
3,22000,6240,-0.1011,-0.0716,-0.0184,-0.0911,-0.1873,-0.0324
3,22100,6276,-0.2161,-0.0903,-0.0155,-0.0916,-0.1869,-0.0323
3,22200,6309,-0.1455,-0.0693,-0.0341,-0.0919,-0.1864,-0.0323
3,22300,6344,-0.0601,-0.0633,-0.0217,-0.0917,-0.1858,-0.0323
3,22400,6375,-0.2242,-0.0643,-0.0167,-0.0923,-0.1853,-0.0322
3,22500,6403,-0.0412,-0.1569,-0.0558,-0.0921,-0.1851,-0.0323
3,22600,6436,-0.1672,-0.1041,-0.0391,-0.0924,-0.1848,-0.0324
3,22700,6471,-0.2222,-0.0562,-0.0249,-0.0930,-0.1842,-0.0323
3,22800,6506,-0.0652,-0.0632,-0.0331,-0.0929,-0.1837,-0.0323
3,22900,6540,-0.1147,-0.1546,-0.0251,-0.0930,-0.1836,-0.0323
3,23000,6577,-0.1412,-0.2062,-0.0501,-0.0932,-0.1837,-0.0324
3,23100,6612,-0.0931,-0.1407,-0.0318,-0.0932,-0.1835,-0.0324
3,23200,6647,-0.1739,-0.3065,-0.0187,-0.0935,-0.1840,-0.0323
3,23300,6683,-0.1266,-0.1228,-0.0369,-0.0937,-0.1837,-0.0323
3,23400,6717,-0.0755,-0.0863,-0.0306,-0.0936,-0.1833,-0.0323
3,23500,6751,-0.1404,-0.0766,-0.0312,-0.0938,-0.1829,-0.0323
3,23600,6789,-0.1703,-0.1895,-0.0196,-0.0941,-0.1829,-0.0323
3,23700,6825,-0.1196,-0.0953,-0.0316,-0.0942,-0.1825,-0.0323
3,23800,6857,-0.0750,-0.1839,-0.0324,-0.0941,-0.1825,-0.0323
3,23900,6894,-0.1041,-0.0857,-0.0178,-0.0942,-0.1821,-0.0322
3,24000,6930,-0.0690,-0.1160,-0.0238,-0.0941,-0.1819,-0.0322
3,24100,6968,-0.1428,-0.1488,-0.0169,-0.0943,-0.1817,-0.0321
3,24200,7007,-0.1227,-0.7248,-0.0231,-0.0944,-0.1840,-0.0321
3,24300,7040,-0.1224,-0.2973,-0.0141,-0.0945,-0.1844,-0.0320
3,24400,7075,-0.1477,-0.6589,-0.0576,-0.0947,-0.1864,-0.0321
3,24500,7109,-0.0623,-0.1262,-0.0194,-0.0946,-0.1861,-0.0320
3,24600,7146,-0.0986,-0.2132,-0.0339,-0.0946,-0.1862,-0.0320
3,24700,7179,-0.2132,-0.7312,-0.0365,-0.0951,-0.1884,-0.0321
3,24800,7217,-0.0808,-0.1291,-0.0220,-0.0950,-0.1882,-0.0320
3,24900,7255,-0.1607,-0.5009,-0.0233,-0.0953,-0.1895,-0.0320
3,25000,7289,-0.0683,-0.1164,-0.0241,-0.0952,-0.1892,-0.0320
3,25100,7323,-0.0554,-0.0745,-0.0285,-0.0950,-0.1887,-0.0319
3,25200,7359,-0.0736,-0.0287,-0.0140,-0.0949,-0.1881,-0.0319
3,25300,7394,-0.1087,-0.0757,-0.0163,-0.0950,-0.1876,-0.0318
3,25400,7433,-0.0442,-0.0829,-0.0192,-0.0948,-0.1872,-0.0318
3,25500,7473,-0.0581,-0.0335,-0.0300,-0.0947,-0.1866,-0.0318
3,25600,7510,-0.1784,-0.0247,-0.0226,-0.0950,-0.1860,-0.0317
3,25700,7547,-0.0746,-0.0895,-0.0109,-0.0949,-0.1856,-0.0316
3,25800,7585,-0.0921,-0.1005,-0.0223,-0.0949,-0.1853,-0.0316
3,25900,7621,-0.0696,-0.2294,-0.0308,-0.0948,-0.1855,-0.0316
3,26000,7663,-0.2758,-0.6089,-0.0158,-0.0955,-0.1871,-0.0315
3,26100,7700,-0.0682,-0.0858,-0.0227,-0.0954,-0.1867,-0.0315
3,26200,7733,-0.1158,-0.1538,-0.0244,-0.0955,-0.1866,-0.0315
3,26300,7768,-0.0301,-0.3671,-0.0232,-0.0952,-0.1873,-0.0314
3,26400,7807,-0.0727,-0.5135,-0.0243,-0.0951,-0.1885,-0.0314
3,26500,7845,-0.0727,-0.1041,-0.0153,-0.0950,-0.1882,-0.0314
3,26600,7882,-0.0928,-0.2246,-0.0319,-0.0950,-0.1883,-0.0314
3,26700,7920,-0.0898,-0.1086,-0.0287,-0.0950,-0.1880,-0.0314
3,26800,7958,-0.1103,-0.3148,-0.0316,-0.0951,-0.1885,-0.0314
3,26900,7994,-0.1729,-0.4351,-0.0352,-0.0954,-0.1894,-0.0314
3,27000,8030,-0.0904,-0.1252,-0.0272,-0.0953,-0.1892,-0.0314
3,27100,8070,-0.1380,-0.1033,-0.0152,-0.0955,-0.1888,-0.0313
3,27200,8111,-0.1869,-0.6018,-0.0309,-0.0958,-0.1904,-0.0313
3,27300,8145,-0.0593,-0.1062,-0.0334,-0.0957,-0.1901,-0.0313
3,27400,8186,-0.1211,-0.1678,-0.0300,-0.0958,-0.1900,-0.0313
3,27500,8228,-0.1002,-0.1834,-0.0301,-0.0958,-0.1900,-0.0313
3,27600,8269,-0.0885,-0.0945,-0.0187,-0.0958,-0.1896,-0.0312
3,27700,8305,-0.1296,-0.1064,-0.0428,-0.0959,-0.1893,-0.0313
3,27800,8344,-0.0878,-0.0645,-0.0355,-0.0959,-0.1889,-0.0313
3,27900,8379,-0.0838,-0.0906,-0.0338,-0.0958,-0.1885,-0.0313
3,28000,8414,-0.0593,-0.0627,-0.0257,-0.0957,-0.1881,-0.0313
3,28100,8450,-0.0615,-0.0518,-0.0212,-0.0956,-0.1876,-0.0313
3,28200,8489,-0.0862,-0.0906,-0.0197,-0.0955,-0.1872,-0.0312
3,28300,8529,-0.0948,-0.1000,-0.0255,-0.0955,-0.1869,-0.0312
3,28400,8571,-0.0436,-0.0767,-0.0197,-0.0954,-0.1865,-0.0312
3,28500,8615,-0.0498,-0.1002,-0.0339,-0.0952,-0.1862,-0.0312
3,28600,8658,-0.1248,-0.1241,-0.0255,-0.0953,-0.1860,-0.0311
3,28700,8700,-0.0688,-0.0468,-0.0405,-0.0952,-0.1855,-0.0312
3,28800,8743,-0.0650,-0.0894,-0.0123,-0.0951,-0.1852,-0.0311
3,28900,8786,-0.0577,-0.1509,-0.0215,-0.0950,-0.1851,-0.0311
3,29000,8826,-0.1434,-0.1132,-0.0194,-0.0951,-0.1848,-0.0310
3,29100,8867,-0.0765,-0.0936,-0.0237,-0.0951,-0.1845,-0.0310
3,29200,8906,-0.0363,-0.0619,-0.0191,-0.0949,-0.1841,-0.0310
3,29300,8942,-0.1185,-0.3696,-0.0339,-0.0950,-0.1847,-0.0310
3,29400,8979,-0.1056,-0.2886,-0.0295,-0.0950,-0.1851,-0.0310
3,29500,9020,-0.0548,-0.1818,-0.0605,-0.0949,-0.1851,-0.0311
3,29600,9063,-0.0623,-0.4206,-0.0246,-0.0948,-0.1859,-0.0311
3,29700,9106,-0.0840,-0.0538,-0.0429,-0.0947,-0.1854,-0.0311
3,29800,9147,-0.0800,-0.0673,-0.0254,-0.0947,-0.1850,-0.0311
3,29900,9188,-0.0504,-0.1088,-0.0260,-0.0945,-0.1848,-0.0311
3,30000,9232,-0.1061,-0.0620,-0.0257,-0.0946,-0.1844,-0.0310
3,30100,9279,-0.0710,-0.1297,-0.0421,-0.0945,-0.1842,-0.0311
3,30200,9323,-0.0597,-0.1071,-0.0227,-0.0944,-0.1839,-0.0310
3,30300,9364,-0.0857,-0.1041,-0.0401,-0.0943,-0.1837,-0.0311
3,30400,9405,-0.1452,-0.2786,-0.0297,-0.0945,-0.1840,-0.0311
3,30500,9450,-0.0647,-0.0687,-0.0293,-0.0944,-0.1836,-0.0311
3,30600,9495,-0.0907,-0.2039,-0.0542,-0.0944,-0.1837,-0.0311
3,30700,9540,-0.0744,-0.0975,-0.0145,-0.0943,-0.1834,-0.0311
3,30800,9585,-0.0709,-0.1520,-0.0307,-0.0943,-0.1833,-0.0311
3,30900,9630,-0.0731,-0.0823,-0.0359,-0.0942,-0.1829,-0.0311
3,31000,9677,-0.0783,-0.0904,-0.0178,-0.0941,-0.1826,-0.0311
3,31100,9722,-0.0863,-0.1080,-0.0216,-0.0941,-0.1824,-0.0310
3,31200,9763,-0.0478,-0.0617,-0.0250,-0.0940,-0.1820,-0.0310
3,31300,9806,-0.0644,-0.0874,-0.0320,-0.0939,-0.1817,-0.0310
3,31400,9849,-0.0769,-0.1226,-0.0333,-0.0938,-0.1815,-0.0310
3,31500,9895,-0.0964,-0.2658,-0.0168,-0.0938,-0.1818,-0.0310
3,31600,9939,-0.1030,-0.0932,-0.0230,-0.0938,-0.1815,-0.0310
3,31700,9980,-0.0951,-0.0443,-0.0168,-0.0939,-0.1811,-0.0309
3,31800,10025,-0.1067,-0.0523,-0.0252,-0.0939,-0.1807,-0.0309
3,31900,10069,-0.1172,-0.0348,-0.0377,-0.0940,-0.1802,-0.0309
3,32000,10113,-0.1056,-0.0478,-0.0218,-0.0940,-0.1798,-0.0309
3,32100,10154,-0.0673,-0.0818,-0.0267,-0.0939,-0.1795,-0.0309
3,32200,10200,-0.0748,-0.0453,-0.0371,-0.0939,-0.1791,-0.0309
3,32300,10243,-0.0946,-0.1061,-0.0267,-0.0939,-0.1789,-0.0309
3,32400,10288,-0.0633,-0.3656,-0.0295,-0.0938,-0.1794,-0.0309
3,32500,10332,-0.0496,-0.0397,-0.0209,-0.0936,-0.1790,-0.0308
3,32600,10376,-0.0967,-0.1048,-0.0222,-0.0936,-0.1788,-0.0308
3,32700,10421,-0.1366,-0.1597,-0.0165,-0.0938,-0.1787,-0.0308
3,32800,10464,-0.1143,-0.0487,-0.0186,-0.0938,-0.1783,-0.0307
3,32900,10512,-0.1575,-0.2740,-0.0189,-0.0940,-0.1786,-0.0307
3,33000,10563,-0.1448,-0.2099,-0.0350,-0.0942,-0.1787,-0.0307
3,33100,10612,-0.1052,-0.4674,-0.0262,-0.0942,-0.1796,-0.0307
3,33200,10652,-0.0715,-0.1982,-0.0132,-0.0941,-0.1796,-0.0306
3,33300,10699,-0.0905,-0.0889,-0.0205,-0.0941,-0.1794,-0.0306
3,33400,10743,-0.0791,-0.0575,-0.0485,-0.0941,-0.1790,-0.0307
3,33500,10789,-0.0555,-0.1289,-0.0292,-0.0940,-0.1789,-0.0307
3,33600,10838,-0.0697,-0.1269,-0.0559,-0.0939,-0.1787,-0.0307
3,33700,10884,-0.0484,-0.0730,-0.0416,-0.0938,-0.1784,-0.0308
3,33800,10931,-0.0785,-0.0506,-0.0187,-0.0937,-0.1780,-0.0307
3,33900,10978,-0.0549,-0.0707,-0.0223,-0.0936,-0.1777,-0.0307
3,34000,11028,-0.0455,-0.0467,-0.0163,-0.0935,-0.1773,-0.0307
3,34100,11078,-0.0746,-0.0739,-0.0266,-0.0934,-0.1770,-0.0307
3,34200,11127,-0.0519,-0.0952,-0.0250,-0.0933,-0.1768,-0.0306
3,34300,11177,-0.0504,-0.0866,-0.0209,-0.0932,-0.1765,-0.0306
3,34400,11226,-0.0760,-0.0560,-0.0322,-0.0931,-0.1761,-0.0306
3,34500,11272,-0.0590,-0.1711,-0.0280,-0.0930,-0.1761,-0.0306
3,34600,11317,-0.0820,-0.1002,-0.0273,-0.0930,-0.1759,-0.0306
3,34700,11365,-0.0323,-0.1139,-0.0202,-0.0928,-0.1757,-0.0306
3,34800,11414,-0.0481,-0.2771,-0.0456,-0.0927,-0.1760,-0.0306
3,34900,11465,-0.0910,-0.0924,-0.0482,-0.0927,-0.1758,-0.0307
3,35000,11513,-0.0846,-0.0911,-0.0379,-0.0927,-0.1755,-0.0307
3,35100,11567,-0.0692,-0.0534,-0.0250,-0.0926,-0.1752,-0.0307
3,35200,11615,-0.0516,-0.0468,-0.0235,-0.0925,-0.1748,-0.0306
3,35300,11663,-0.0544,-0.1241,-0.0354,-0.0924,-0.1747,-0.0307
3,35400,11711,-0.0665,-0.1986,-0.0307,-0.0923,-0.1748,-0.0307
3,35500,11757,-0.0799,-0.1788,-0.0392,-0.0923,-0.1748,-0.0307
3,35600,11802,-0.0590,-0.1249,-0.0350,-0.0922,-0.1746,-0.0307
3,35700,11850,-0.0553,-0.0556,-0.0656,-0.0921,-0.1743,-0.0308
3,35800,11897,-0.0793,-0.0641,-0.0327,-0.0920,-0.1740,-0.0308
3,35900,11943,-0.0534,-0.0259,-0.0618,-0.0919,-0.1736,-0.0309
3,36000,11989,-0.0639,-0.0589,-0.0316,-0.0918,-0.1733,-0.0309
3,36100,12038,-0.1021,-0.1305,-0.0358,-0.0919,-0.1731,-0.0309
3,36200,12087,-0.0730,-0.1602,-0.0503,-0.0918,-0.1731,-0.0310
3,36300,12135,-0.0566,-0.2631,-0.0344,-0.0917,-0.1733,-0.0310
3,36400,12183,-0.0523,-0.1579,-0.0465,-0.0916,-0.1733,-0.0310
3,36500,12235,-0.0547,-0.3498,-0.0570,-0.0915,-0.1738,-0.0311
3,36600,12281,-0.0436,-0.5047,-0.0395,-0.0914,-0.1747,-0.0311
3,36700,12334,-0.0658,-0.1231,-0.0167,-0.0913,-0.1746,-0.0311
3,36800,12387,-0.0618,-0.4574,-0.0379,-0.0912,-0.1753,-0.0311
3,36900,12438,-0.0703,-0.0994,-0.0239,-0.0912,-0.1751,-0.0311
3,37000,12490,-0.0573,-0.1160,-0.0322,-0.0911,-0.1750,-0.0311
3,37100,12545,-0.0543,-0.4385,-0.0195,-0.0910,-0.1757,-0.0310
3,37200,12596,-0.0539,-0.3085,-0.0293,-0.0909,-0.1760,-0.0310
3,37300,12650,-0.0855,-0.1258,-0.0414,-0.0909,-0.1759,-0.0311
3,37400,12703,-0.0774,-0.0696,-0.0460,-0.0908,-0.1756,-0.0311
3,37500,12752,-0.0795,-0.0666,-0.0184,-0.0908,-0.1753,-0.0311
3,37600,12797,-0.0697,-0.1155,-0.0461,-0.0907,-0.1752,-0.0311
3,37700,12843,-0.0811,-0.0338,-0.0451,-0.0907,-0.1748,-0.0311
3,37800,12894,-0.0777,-0.1048,-0.0290,-0.0907,-0.1746,-0.0311
3,37900,12942,-0.0556,-0.1277,-0.0244,-0.0906,-0.1745,-0.0311
3,38000,12997,-0.0589,-0.1256,-0.0229,-0.0905,-0.1743,-0.0311
3,38100,13049,-0.0690,-0.0879,-0.0334,-0.0905,-0.1741,-0.0311
3,38200,13096,-0.1469,-0.0969,-0.0217,-0.0906,-0.1739,-0.0311
3,38300,13147,-0.0692,-0.1169,-0.0365,-0.0905,-0.1738,-0.0311
3,38400,13197,-0.1179,-0.0978,-0.0318,-0.0906,-0.1736,-0.0311
3,38500,13247,-0.2361,-0.2584,-0.0158,-0.0910,-0.1738,-0.0311
3,38600,13300,-0.1114,-0.0914,-0.0219,-0.0910,-0.1736,-0.0310
3,38700,13349,-0.1447,-0.1520,-0.0261,-0.0912,-0.1735,-0.0310
3,38800,13404,-0.1253,-0.1084,-0.0408,-0.0913,-0.1733,-0.0310
3,38900,13459,-0.0957,-0.0792,-0.0297,-0.0913,-0.1731,-0.0310
3,39000,13513,-0.1321,-0.1336,-0.0255,-0.0914,-0.1730,-0.0310
3,39100,13569,-0.1008,-0.0773,-0.0235,-0.0914,-0.1728,-0.0310
3,39200,13626,-0.1230,-0.0962,-0.0330,-0.0915,-0.1726,-0.0310
3,39300,13682,-0.1465,-0.1601,-0.0171,-0.0916,-0.1725,-0.0310
3,39400,13733,-0.1235,-0.1114,-0.0262,-0.0917,-0.1724,-0.0310
3,39500,13789,-0.1133,-0.0931,-0.0436,-0.0918,-0.1722,-0.0310
3,39600,13841,-0.0957,-0.0937,-0.0320,-0.0918,-0.1720,-0.0310
3,39700,13893,-0.0625,-0.1739,-0.0120,-0.0917,-0.1720,-0.0309
3,39800,13942,-0.0463,-0.1239,-0.0184,-0.0916,-0.1719,-0.0309
3,39900,13997,-0.0838,-0.1298,-0.0265,-0.0916,-0.1718,-0.0309
3,40000,14053,-0.0612,-0.1171,-0.0239,-0.0915,-0.1716,-0.0309
3,40100,14111,-0.0560,-0.0867,-0.0293,-0.0914,-0.1714,-0.0309
3,40200,14166,-0.0611,-0.4082,-0.0254,-0.0913,-0.1720,-0.0309
3,40300,14218,-0.0738,-0.0692,-0.0288,-0.0913,-0.1717,-0.0309
3,40400,14270,-0.0920,-0.1810,-0.0126,-0.0913,-0.1718,-0.0308
3,40500,14325,-0.0904,-0.1662,-0.0263,-0.0913,-0.1718,-0.0308
3,40600,14381,-0.0623,-0.0905,-0.0295,-0.0912,-0.1716,-0.0308
3,40700,14433,-0.0927,-0.1002,-0.0193,-0.0912,-0.1714,-0.0308
3,40800,14491,-0.0640,-0.0842,-0.0153,-0.0912,-0.1712,-0.0307
3,40900,14547,-0.0980,-0.0735,-0.0213,-0.0912,-0.1709,-0.0307
3,41000,14604,-0.0613,-0.2377,-0.0288,-0.0911,-0.1711,-0.0307
3,41100,14658,-0.0528,-0.1045,-0.0418,-0.0910,-0.1709,-0.0307
3,41200,14716,-0.0496,-0.0728,-0.0201,-0.0909,-0.1707,-0.0307
3,41300,14779,-0.0663,-0.1036,-0.0214,-0.0908,-0.1705,-0.0307
3,41400,14839,-0.0899,-0.1141,-0.0180,-0.0908,-0.1704,-0.0307
3,41500,14899,-0.0786,-0.0662,-0.0250,-0.0908,-0.1701,-0.0306
3,41600,14955,-0.1308,-0.0957,-0.0304,-0.0909,-0.1700,-0.0306
3,41700,15014,-0.0658,-0.0602,-0.0231,-0.0908,-0.1697,-0.0306
3,41800,15077,-0.1013,-0.2885,-0.0180,-0.0909,-0.1700,-0.0306
3,41900,15139,-0.1252,-0.3063,-0.0206,-0.0910,-0.1703,-0.0306
3,42000,15202,-0.1188,-0.0988,-0.0430,-0.0910,-0.1701,-0.0306
3,42100,15258,-0.1135,-0.0874,-0.0166,-0.0911,-0.1699,-0.0306
3,42200,15316,-0.1234,-0.0484,-0.0212,-0.0911,-0.1697,-0.0305
3,42300,15371,-0.1164,-0.0914,-0.0202,-0.0912,-0.1695,-0.0305
3,42400,15431,-0.1156,-0.0809,-0.0213,-0.0913,-0.1693,-0.0305
3,42500,15491,-0.1451,-0.0828,-0.0189,-0.0914,-0.1691,-0.0305
3,42600,15549,-0.2265,-0.1173,-0.0278,-0.0917,-0.1689,-0.0305
3,42700,15607,-0.1151,-0.2029,-0.0349,-0.0918,-0.1690,-0.0305
3,42800,15663,-0.1232,-0.0760,-0.0419,-0.0918,-0.1688,-0.0305
3,42900,15723,-0.1084,-0.2421,-0.0339,-0.0919,-0.1690,-0.0305
3,43000,15780,-0.1213,-0.1302,-0.0303,-0.0919,-0.1689,-0.0305
3,43100,15834,-0.1800,-0.1126,-0.0482,-0.0922,-0.1687,-0.0306
3,43200,15891,-0.1766,-0.0762,-0.0363,-0.0923,-0.1685,-0.0306
3,43300,15945,-0.1068,-0.5295,-0.0505,-0.0924,-0.1694,-0.0306
3,43400,16005,-0.1167,-0.0740,-0.0218,-0.0924,-0.1691,-0.0306
3,43500,16064,-0.0966,-0.1015,-0.0173,-0.0924,-0.1690,-0.0306
3,43600,16120,-0.0925,-0.0470,-0.0196,-0.0924,-0.1687,-0.0305
3,43700,16182,-0.1011,-0.0995,-0.0297,-0.0925,-0.1686,-0.0305
3,43800,16237,-0.1259,-0.0393,-0.0285,-0.0925,-0.1683,-0.0305
3,43900,16296,-0.0801,-0.1207,-0.0221,-0.0925,-0.1681,-0.0305
3,44000,16355,-0.1172,-0.1358,-0.0298,-0.0926,-0.1681,-0.0305
3,44100,16414,-0.1056,-0.1066,-0.0303,-0.0926,-0.1679,-0.0305
3,44200,16476,-0.1544,-0.0823,-0.0829,-0.0927,-0.1677,-0.0306
3,44300,16530,-0.0781,-0.0458,-0.0334,-0.0927,-0.1675,-0.0306
3,44400,16589,-0.1077,-0.0331,-0.0349,-0.0927,-0.1672,-0.0306
3,44500,16648,-0.0905,-0.0693,-0.0130,-0.0927,-0.1669,-0.0306
3,44600,16704,-0.1254,-0.0823,-0.0236,-0.0928,-0.1668,-0.0306
3,44700,16763,-0.1575,-0.0806,-0.0178,-0.0930,-0.1666,-0.0306
3,44800,16823,-0.0531,-0.0855,-0.0124,-0.0929,-0.1664,-0.0305
3,44900,16881,-0.0830,-0.1200,-0.0245,-0.0928,-0.1663,-0.0305
3,45000,16937,-0.0712,-0.2349,-0.0276,-0.0928,-0.1664,-0.0305
3,45100,16995,-0.0635,-0.4276,-0.0447,-0.0927,-0.1670,-0.0305
3,45200,17056,-0.0935,-0.0723,-0.0176,-0.0927,-0.1668,-0.0305
3,45300,17120,-0.0658,-0.3158,-0.0527,-0.0927,-0.1671,-0.0306
3,45400,17182,-0.0920,-0.3406,-0.0260,-0.0927,-0.1675,-0.0305
3,45500,17239,-0.0818,-0.1037,-0.0206,-0.0926,-0.1674,-0.0305
3,45600,17297,-0.0658,-0.6268,-0.0378,-0.0926,-0.1684,-0.0305
3,45700,17355,-0.1210,-0.0720,-0.0182,-0.0926,-0.1682,-0.0305
3,45800,17416,-0.0998,-0.3172,-0.0231,-0.0927,-0.1685,-0.0305
3,45900,17478,-0.0778,-0.0610,-0.0168,-0.0926,-0.1683,-0.0305
3,46000,17538,-0.1130,-0.1056,-0.0366,-0.0927,-0.1681,-0.0305
3,46100,17598,-0.0746,-0.0865,-0.0234,-0.0926,-0.1679,-0.0305
3,46200,17658,-0.1148,-0.0534,-0.0292,-0.0927,-0.1677,-0.0305
3,46300,17716,-0.0800,-0.0911,-0.0341,-0.0927,-0.1675,-0.0305
3,46400,17772,-0.0519,-0.1239,-0.0231,-0.0926,-0.1674,-0.0304
3,46500,17833,-0.1070,-0.2822,-0.0333,-0.0926,-0.1677,-0.0305
3,46600,17893,-0.0883,-0.0909,-0.0275,-0.0926,-0.1675,-0.0304
3,46700,17953,-0.0588,-0.8312,-0.0676,-0.0925,-0.1689,-0.0305
3,46800,18013,-0.0768,-0.1358,-0.0298,-0.0925,-0.1689,-0.0305
3,46900,18076,-0.0978,-0.5426,-0.0210,-0.0925,-0.1697,-0.0305
3,47000,18135,-0.0583,-0.1150,-0.0321,-0.0924,-0.1695,-0.0305
3,47100,18198,-0.0741,-0.1210,-0.0391,-0.0924,-0.1694,-0.0305
3,47200,18260,-0.0621,-0.2911,-0.0256,-0.0923,-0.1697,-0.0305
3,47300,18322,-0.0576,-0.0950,-0.0301,-0.0922,-0.1695,-0.0305
3,47400,18379,-0.0789,-0.1057,-0.0247,-0.0922,-0.1694,-0.0305
3,47500,18438,-0.0709,-0.2475,-0.0258,-0.0922,-0.1696,-0.0305
3,47600,18496,-0.0618,-0.2307,-0.0272,-0.0921,-0.1697,-0.0305
3,47700,18555,-0.0608,-0.1078,-0.0286,-0.0920,-0.1696,-0.0305
3,47800,18619,-0.1087,-0.0852,-0.0156,-0.0921,-0.1694,-0.0305
3,47900,18681,-0.1271,-0.1169,-0.0409,-0.0922,-0.1693,-0.0305
3,48000,18741,-0.0584,-0.5766,-0.0272,-0.0921,-0.1701,-0.0305
3,48100,18799,-0.0751,-0.1338,-0.0517,-0.0920,-0.1701,-0.0305
3,48200,18862,-0.0600,-0.3803,-0.0222,-0.0920,-0.1705,-0.0305
3,48300,18925,-0.0833,-0.1182,-0.0492,-0.0920,-0.1704,-0.0305
3,48400,18986,-0.0775,-0.2300,-0.0341,-0.0919,-0.1705,-0.0305
3,48500,19049,-0.1071,-0.0312,-0.0478,-0.0920,-0.1702,-0.0306
3,48600,19111,-0.0855,-0.0651,-0.0351,-0.0919,-0.1700,-0.0306
3,48700,19177,-0.0600,-0.0909,-0.0284,-0.0919,-0.1698,-0.0306
3,48800,19239,-0.0796,-0.3253,-0.0934,-0.0919,-0.1702,-0.0307
3,48900,19302,-0.0988,-0.4057,-0.0441,-0.0919,-0.1706,-0.0307
3,49000,19366,-0.0920,-0.0998,-0.0375,-0.0919,-0.1705,-0.0308
3,49100,19431,-0.1211,-0.0526,-0.0277,-0.0919,-0.1703,-0.0307
3,49200,19493,-0.0641,-0.0968,-0.0126,-0.0919,-0.1701,-0.0307
3,49300,19557,-0.0898,-0.0475,-0.0258,-0.0919,-0.1699,-0.0307
3,49400,19619,-0.1326,-0.0703,-0.0442,-0.0920,-0.1697,-0.0307
3,49500,19682,-0.0899,-0.0714,-0.0210,-0.0920,-0.1695,-0.0307
3,49600,19747,-0.1135,-0.0540,-0.0329,-0.0920,-0.1692,-0.0307
3,49700,19816,-0.0709,-0.0544,-0.0594,-0.0920,-0.1690,-0.0308
3,49800,19880,-0.0535,-0.2755,-0.0143,-0.0919,-0.1692,-0.0307
3,49900,19949,-0.0669,-0.1575,-0.0498,-0.0918,-0.1692,-0.0308
3,50000,20009,-0.1324,-0.0483,-0.0478,-0.0919,-0.1689,-0.0308
3,50100,20069,-0.0827,-0.1279,-0.0329,-0.0919,-0.1689,-0.0308
3,50200,20136,-0.0982,-0.0859,-0.0383,-0.0919,-0.1687,-0.0308
3,50300,20209,-0.1263,-0.0539,-0.0533,-0.0920,-0.1685,-0.0309
3,50400,20273,-0.1003,-0.5407,-0.0346,-0.0920,-0.1692,-0.0309
3,50500,20337,-0.0955,-0.0684,-0.0272,-0.0920,-0.1690,-0.0309
3,50600,20401,-0.0542,-0.3141,-0.0201,-0.0919,-0.1693,-0.0308
3,50700,20460,-0.0562,-0.7710,-0.0346,-0.0918,-0.1705,-0.0309
3,50800,20523,-0.0910,-0.1483,-0.0168,-0.0918,-0.1704,-0.0308
3,50900,20587,-0.0879,-0.1184,-0.0271,-0.0918,-0.1703,-0.0308
3,51000,20656,-0.0722,-0.1799,-0.0627,-0.0918,-0.1704,-0.0309
3,51100,20722,-0.0869,-0.2084,-0.0435,-0.0918,-0.1704,-0.0309
3,51200,20787,-0.0625,-0.2473,-0.0133,-0.0917,-0.1706,-0.0309
3,51300,20848,-0.0754,-0.2671,-0.0249,-0.0917,-0.1708,-0.0309
3,51400,20917,-0.0866,-0.1713,-0.0616,-0.0917,-0.1708,-0.0309
3,51500,20983,-0.1633,-0.0764,-0.0117,-0.0918,-0.1706,-0.0309
3,51600,21051,-0.1525,-0.0729,-0.0276,-0.0919,-0.1704,-0.0309
3,51700,21119,-0.0725,-0.1113,-0.0307,-0.0919,-0.1703,-0.0309
3,51800,21186,-0.0937,-0.0902,-0.0585,-0.0919,-0.1701,-0.0309
3,51900,21250,-0.0671,-0.1243,-0.0613,-0.0919,-0.1700,-0.0310
3,52000,21314,-0.1040,-0.0954,-0.0321,-0.0919,-0.1699,-0.0310
3,52100,21382,-0.1032,-0.1228,-0.0390,-0.0919,-0.1698,-0.0310
3,52200,21450,-0.0695,-0.0510,-0.0249,-0.0919,-0.1696,-0.0310
3,52300,21519,-0.1205,-0.0707,-0.0269,-0.0919,-0.1694,-0.0310
3,52400,21585,-0.0824,-0.0935,-0.0223,-0.0919,-0.1692,-0.0310
3,52500,21651,-0.0674,-0.0791,-0.0176,-0.0919,-0.1691,-0.0309
3,52600,21714,-0.0580,-0.0534,-0.0526,-0.0918,-0.1689,-0.0310
3,52700,21777,-0.0644,-0.1603,-0.0194,-0.0917,-0.1688,-0.0310
3,52800,21842,-0.1340,-0.1163,-0.0199,-0.0918,-0.1687,-0.0309
3,52900,21909,-0.0570,-0.2555,-0.0224,-0.0918,-0.1689,-0.0309
3,53000,21979,-0.0530,-0.3587,-0.0320,-0.0917,-0.1693,-0.0309
3,53100,22050,-0.0907,-0.2025,-0.0365,-0.0917,-0.1693,-0.0309
3,53200,22116,-0.0746,-0.1553,-0.0290,-0.0916,-0.1693,-0.0309
3,53300,22181,-0.1446,-0.0596,-0.0520,-0.0917,-0.1691,-0.0310
3,53400,22299,-0.3390,-1.1900,-0.2522,-0.0922,-0.1710,-0.0314
3,53500,22373,-0.2314,-0.5220,-0.0280,-0.0925,-0.1717,-0.0314
3,53600,22445,-0.1950,-0.0990,-0.0320,-0.0927,-0.1715,-0.0314
3,53700,22516,-0.1249,-0.0701,-0.0354,-0.0927,-0.1713,-0.0314
3,53800,22583,-0.0943,-0.3533,-0.0231,-0.0927,-0.1717,-0.0314
3,53900,22648,-0.0695,-0.1080,-0.0218,-0.0927,-0.1716,-0.0314
3,54000,22723,-0.1434,-0.0972,-0.0355,-0.0928,-0.1714,-0.0314
3,54100,22796,-0.1166,-0.0880,-0.0481,-0.0928,-0.1713,-0.0314
3,54200,22863,-0.2476,-0.3051,-0.0353,-0.0931,-0.1715,-0.0314
3,54300,22934,-0.1127,-0.0851,-0.0270,-0.0931,-0.1714,-0.0314
3,54400,23006,-0.1480,-0.2073,-0.0199,-0.0932,-0.1714,-0.0314
3,54500,23076,-0.1379,-0.0986,-0.0411,-0.0933,-0.1713,-0.0314
3,54600,23149,-0.1196,-0.0436,-0.0242,-0.0934,-0.1710,-0.0314
3,54700,23219,-0.2851,-0.2078,-0.0315,-0.0937,-0.1711,-0.0314
3,54800,23294,-0.1984,-0.2466,-0.0411,-0.0939,-0.1713,-0.0314
3,54900,23363,-0.1593,-0.1085,-0.0238,-0.0940,-0.1711,-0.0314
3,55000,23431,-0.2000,-0.1082,-0.0300,-0.0942,-0.1710,-0.0314
3,55100,23501,-0.0910,-0.0613,-0.0201,-0.0942,-0.1708,-0.0314
3,55200,23573,-0.1365,-0.0748,-0.0392,-0.0943,-0.1707,-0.0314
3,55300,23641,-0.1602,-0.0555,-0.0500,-0.0944,-0.1704,-0.0314
3,55400,23712,-0.1208,-0.0622,-0.0488,-0.0945,-0.1702,-0.0314
3,55500,23790,-0.0915,-0.0163,-0.0214,-0.0945,-0.1700,-0.0314
3,55600,23862,-0.1190,-0.3874,-0.0423,-0.0945,-0.1704,-0.0314
3,55700,23935,-0.1001,-0.1044,-0.0335,-0.0945,-0.1702,-0.0314
3,55800,24002,-0.1380,-0.3440,-0.0483,-0.0946,-0.1706,-0.0315
3,55900,24069,-0.0957,-0.3923,-0.0345,-0.0946,-0.1710,-0.0315
3,56000,24142,-0.1137,-0.1250,-0.0509,-0.0946,-0.1709,-0.0315
3,56100,24212,-0.1277,-0.0893,-0.0430,-0.0947,-0.1707,-0.0315
3,56200,24285,-0.1325,-0.0941,-0.0348,-0.0948,-0.1706,-0.0315
3,56300,24358,-0.1119,-0.0366,-0.0423,-0.0948,-0.1704,-0.0316
3,56400,24428,-0.1483,-0.0657,-0.0369,-0.0949,-0.1702,-0.0316
3,56500,24501,-0.0862,-0.3173,-0.0471,-0.0949,-0.1704,-0.0316
3,56600,24577,-0.1007,-0.3436,-0.0506,-0.0949,-0.1707,-0.0316
3,56700,24653,-0.0955,-0.1105,-0.0599,-0.0949,-0.1706,-0.0317
3,56800,24724,-0.0525,-0.0839,-0.0477,-0.0948,-0.1705,-0.0317
3,56900,24802,-0.0934,-0.4738,-0.0504,-0.0948,-0.1710,-0.0317
3,57000,24876,-0.1207,-0.0877,-0.0374,-0.0948,-0.1709,-0.0318
3,57100,24950,-0.0611,-0.1105,-0.0226,-0.0948,-0.1708,-0.0317
3,57200,25023,-0.2253,-0.0596,-0.0258,-0.0950,-0.1706,-0.0317
3,57300,25098,-0.1076,-0.2275,-0.0401,-0.0950,-0.1707,-0.0317
3,57400,25168,-0.0569,-0.2976,-0.0263,-0.0950,-0.1709,-0.0317
3,57500,25242,-0.0990,-0.2739,-0.0458,-0.0950,-0.1711,-0.0318
3,57600,25316,-0.1421,-0.3452,-0.0493,-0.0951,-0.1714,-0.0318
3,57700,25395,-0.0753,-0.5452,-0.0273,-0.0950,-0.1720,-0.0318
3,57800,25466,-0.0630,-0.5508,-0.0453,-0.0950,-0.1727,-0.0318
3,57900,25542,-0.1473,-0.2791,-0.0432,-0.0951,-0.1728,-0.0318
3,58000,25617,-0.0897,-0.3289,-0.0561,-0.0950,-0.1731,-0.0319
3,58100,25688,-0.1078,-0.0801,-0.0419,-0.0951,-0.1730,-0.0319
3,58200,25760,-0.0986,-0.1002,-0.0653,-0.0951,-0.1728,-0.0319
3,58300,25837,-0.0745,-0.2884,-0.0376,-0.0950,-0.1730,-0.0319
3,58400,25912,-0.1134,-0.1343,-0.0340,-0.0951,-0.1730,-0.0320
3,58500,25983,-0.0916,-0.3221,-0.0317,-0.0951,-0.1732,-0.0320
3,58600,26054,-0.1381,-0.1291,-0.0178,-0.0951,-0.1731,-0.0319
3,58700,26131,-0.0923,-0.2533,-0.0260,-0.0951,-0.1733,-0.0319
3,58800,26208,-0.1112,-0.1140,-0.0286,-0.0952,-0.1732,-0.0319
3,58900,26284,-0.1477,-0.4295,-0.0379,-0.0952,-0.1736,-0.0319
3,59000,26356,-0.4010,-0.2197,-0.0179,-0.0958,-0.1737,-0.0319
3,59100,26430,-0.1173,-0.5048,-0.0326,-0.0958,-0.1743,-0.0319
3,59200,26508,-0.0991,-0.1150,-0.0243,-0.0958,-0.1742,-0.0319
3,59300,26583,-0.1029,-0.1009,-0.0316,-0.0958,-0.1740,-0.0319
3,59400,26658,-0.1642,-0.1256,-0.0288,-0.0959,-0.1739,-0.0319
3,59500,26732,-0.1525,-0.1111,-0.0180,-0.0960,-0.1738,-0.0319
3,59600,26804,-0.1830,-0.0638,-0.0492,-0.0962,-0.1737,-0.0319
3,59700,26881,-0.0966,-0.1142,-0.0510,-0.0962,-0.1736,-0.0319
3,59800,26955,-0.1472,-0.1049,-0.0337,-0.0963,-0.1734,-0.0319
3,59900,27027,-0.1332,-0.4200,-0.0367,-0.0963,-0.1739,-0.0319
3,60000,27103,-0.1714,-0.1745,-0.0205,-0.0965,-0.1739,-0.0319
3,60100,27183,-0.1261,-0.2912,-0.0269,-0.0965,-0.1741,-0.0319
3,60200,27260,-0.0803,-0.2569,-0.0265,-0.0965,-0.1742,-0.0319
3,60300,27330,-0.1528,-0.4909,-0.0315,-0.0966,-0.1747,-0.0319
3,60400,27401,-0.1573,-0.1536,-0.0146,-0.0967,-0.1747,-0.0319
3,60500,27476,-0.1670,-0.0691,-0.0424,-0.0968,-0.1745,-0.0319
3,60600,27552,-0.1823,-0.0759,-0.0344,-0.0969,-0.1743,-0.0319
3,60700,27629,-0.1560,-0.3932,-0.0480,-0.0970,-0.1747,-0.0319
3,60800,27704,-0.3088,-0.0544,-0.0376,-0.0974,-0.1745,-0.0319
3,60900,27783,-0.2358,-0.0825,-0.0607,-0.0976,-0.1744,-0.0320
3,61000,27857,-0.2579,-0.0486,-0.0171,-0.0979,-0.1741,-0.0319
3,61100,27932,-0.2212,-0.0804,-0.0345,-0.0981,-0.1740,-0.0319
3,61200,28011,-0.2689,-0.0818,-0.0401,-0.0983,-0.1738,-0.0320
3,61300,28086,-0.1501,-0.1828,-0.0223,-0.0984,-0.1739,-0.0319
3,61400,28155,-0.1745,-0.0962,-0.0235,-0.0985,-0.1737,-0.0319
3,61500,28232,-0.1366,-0.4423,-0.0319,-0.0986,-0.1742,-0.0319
3,61600,28306,-0.1541,-0.4181,-0.0555,-0.0987,-0.1746,-0.0320
3,61700,28416,-0.1017,-0.5877,-0.0901,-0.0987,-0.1752,-0.0321
3,61800,28487,-0.0689,-0.3282,-0.0498,-0.0987,-0.1755,-0.0321
3,61900,28558,-0.0960,-0.3560,-0.0258,-0.0987,-0.1758,-0.0321
3,62000,28636,-0.0869,-0.2903,-0.0357,-0.0986,-0.1760,-0.0321
3,62100,28714,-0.1277,-0.4975,-0.0350,-0.0987,-0.1765,-0.0321
3,62200,28788,-0.1100,-0.2018,-0.0422,-0.0987,-0.1765,-0.0321
3,62300,28864,-0.0876,-0.6989,-0.1971,-0.0987,-0.1774,-0.0324
3,62400,28946,-0.2246,-0.2174,-0.0394,-0.0989,-0.1774,-0.0324
3,62500,29023,-0.2690,-0.1090,-0.0244,-0.0992,-0.1773,-0.0324
3,62600,29105,-0.0766,-0.3349,-0.0214,-0.0991,-0.1776,-0.0324
3,62700,29175,-0.1242,-0.0677,-0.0170,-0.0992,-0.1774,-0.0323
3,62800,29247,-0.1569,-0.2099,-0.0282,-0.0993,-0.1774,-0.0323
3,62900,29323,-0.0626,-0.1221,-0.0261,-0.0992,-0.1774,-0.0323
3,63000,29395,-0.1004,-0.1175,-0.0237,-0.0992,-0.1773,-0.0323
3,63100,29473,-0.0903,-0.0754,-0.0290,-0.0992,-0.1771,-0.0323
3,63200,29553,-0.1709,-0.1099,-0.0260,-0.0993,-0.1770,-0.0323
3,63300,29633,-0.1060,-0.2192,-0.0295,-0.0993,-0.1771,-0.0323
3,63400,29709,-0.1615,-0.1682,-0.0227,-0.0994,-0.1770,-0.0323
3,63500,29783,-0.0773,-0.6202,-0.0178,-0.0994,-0.1777,-0.0322
3,63600,29855,-0.1368,-0.2344,-0.0193,-0.0994,-0.1778,-0.0322
3,63700,29935,-0.0963,-0.1483,-0.0333,-0.0994,-0.1778,-0.0322
3,63800,30013,-0.0766,-0.0763,-0.0491,-0.0994,-0.1776,-0.0323
3,63900,30091,-0.0752,-0.0993,-0.0355,-0.0993,-0.1775,-0.0323
3,64000,30166,-0.1284,-0.0658,-0.0174,-0.0994,-0.1773,-0.0322
3,64100,30246,-0.1174,-0.2576,-0.0106,-0.0994,-0.1775,-0.0322
3,64200,30328,-0.2111,-0.0906,-0.0197,-0.0996,-0.1773,-0.0322
3,64300,30407,-0.1434,-0.1163,-0.0279,-0.0997,-0.1772,-0.0322
3,64400,30484,-0.1279,-0.3524,-0.0191,-0.0997,-0.1775,-0.0322
3,64500,30561,-0.0872,-0.3853,-0.0197,-0.0997,-0.1778,-0.0321
3,64600,30642,-0.1435,-0.1295,-0.0234,-0.0998,-0.1777,-0.0321
3,64700,30720,-0.1172,-0.2705,-0.0521,-0.0998,-0.1779,-0.0322
3,64800,30799,-0.1092,-0.3483,-0.0537,-0.0998,-0.1781,-0.0322
3,64900,30882,-0.1113,-0.0877,-0.0298,-0.0998,-0.1780,-0.0322
3,65000,30962,-0.0913,-0.1694,-0.0303,-0.0998,-0.1780,-0.0322
3,65100,31034,-0.0770,-0.2174,-0.0258,-0.0998,-0.1781,-0.0322
3,65200,31114,-0.1252,-0.0735,-0.0308,-0.0998,-0.1779,-0.0322
3,65300,31202,-0.1020,-0.1345,-0.0339,-0.0998,-0.1778,-0.0322
3,65400,31283,-0.0934,-0.5284,-0.0289,-0.0998,-0.1784,-0.0322
3,65500,31361,-0.0836,-0.7257,-0.0400,-0.0998,-0.1792,-0.0322
3,65600,31444,-0.1119,-0.0978,-0.0379,-0.0998,-0.1791,-0.0322
3,65700,31529,-0.1396,-0.3899,-0.0302,-0.0999,-0.1794,-0.0322
3,65800,31608,-0.0808,-0.1778,-0.0269,-0.0998,-0.1794,-0.0322
3,65900,31690,-0.1092,-0.2605,-0.0310,-0.0998,-0.1795,-0.0322
3,66000,31773,-0.2097,-0.2665,-0.0159,-0.1000,-0.1796,-0.0321
3,66100,31854,-0.1341,-0.7772,-0.0314,-0.1001,-0.1806,-0.0321
3,66200,31940,-0.1136,-0.0663,-0.0204,-0.1001,-0.1804,-0.0321
3,66300,32018,-0.0876,-0.3304,-0.0440,-0.1001,-0.1806,-0.0321
3,66400,32098,-0.1379,-0.2498,-0.0687,-0.1001,-0.1807,-0.0322
3,66500,32173,-0.0875,-0.3382,-0.0716,-0.1001,-0.1809,-0.0323
3,66600,32251,-0.0692,-0.6453,-0.0448,-0.1001,-0.1816,-0.0323
3,66700,32329,-0.1077,-0.6785,-0.1238,-0.1001,-0.1824,-0.0324
3,66800,32409,-0.0671,-0.3993,-0.0575,-0.1000,-0.1827,-0.0325
3,66900,32489,-0.0806,-0.5708,-0.0264,-0.1000,-0.1833,-0.0324
3,67000,32567,-0.1950,-0.3743,-0.0614,-0.1001,-0.1836,-0.0325
3,67100,32648,-0.1308,-0.4207,-0.0568,-0.1002,-0.1839,-0.0325
3,67200,32722,-0.0865,-0.1204,-0.0442,-0.1002,-0.1838,-0.0325
3,67300,32799,-0.1038,-0.1154,-0.0374,-0.1002,-0.1837,-0.0325
3,67400,32877,-0.1872,-0.2741,-0.0278,-0.1003,-0.1839,-0.0325
3,67500,32954,-0.0799,-0.3257,-0.0408,-0.1003,-0.1841,-0.0326
3,67600,33042,-0.0812,-0.8495,-0.2226,-0.1002,-0.1851,-0.0328
3,67700,33125,-0.0944,-0.9347,-0.0514,-0.1002,-0.1862,-0.0329
3,67800,33200,-0.1106,-0.2820,-0.0659,-0.1002,-0.1863,-0.0329
3,67900,33280,-0.1179,-0.1680,-0.0973,-0.1003,-0.1863,-0.0330
3,68000,33363,-0.0701,-0.2569,-0.1075,-0.1002,-0.1864,-0.0331
3,68100,33439,-0.1056,-0.1227,-0.0806,-0.1002,-0.1863,-0.0332
3,68200,33520,-0.0975,-0.3679,-0.1222,-0.1002,-0.1866,-0.0333
3,68300,33604,-0.0787,-0.1250,-0.1106,-0.1002,-0.1865,-0.0334
3,68400,33685,-0.1199,-0.7539,-0.1421,-0.1002,-0.1873,-0.0336
3,68500,33764,-0.1121,-0.2702,-0.0957,-0.1002,-0.1874,-0.0337
3,68600,33852,-0.0955,-0.5686,-0.1348,-0.1002,-0.1880,-0.0338
3,68700,33938,-0.0981,-0.3486,-0.0951,-0.1002,-0.1882,-0.0339
3,68800,34019,-0.1174,-0.0673,-0.0961,-0.1002,-0.1880,-0.0340
3,68900,34101,-0.0973,-0.0969,-0.1222,-0.1002,-0.1879,-0.0341
3,69000,34186,-0.1160,-0.1063,-0.1243,-0.1003,-0.1878,-0.0343
