Time (s),error_lateral,error_vertical,error_forward,real_forward_error
0.000926971435546875,43.3851318359375,1.351360371060126,-0.5301169843407543,-2.743190993504723
0.1013498306274414,48.46221923828125,1.2631590463921691,-0.5255331219804003,-2.7866183084648553
0.1995711326599121,47.376434326171875,1.2300247199674768,-0.5143824658278779,-2.8189009727462158
0.2999763488769531,41.689361572265625,1.3068791525012344,-0.4636148081918563,-2.8496300183568364
0.39926695823669434,41.689361572265625,1.5251526790397723,-0.4636148081918563,-2.8766042514687715
0.5026736259460449,20.26812744140625,1.0754494078333001,-0.38152412923871015,-2.892439625075069
0.5992381572723389,14.2900390625,0.6074472661952686,-0.2629676354589714,-2.8814603275590303
0.7032358646392822,12.5037841796875,0.30447166157686034,-0.2822631909904221,-2.852756925256879
0.7991561889648438,25.99688720703125,0.14576417311293485,-0.13383831201247087,-2.8161207531180237
0.9006123542785645,54.969879150390625,0.12641033870134702,0.13400643420149283,-2.7909731799881237
0.9998316764831543,54.969879150390625,0.04897278398740337,0.13400643420149283,-2.7679447498533762
1.1021232604980469,54.969879150390625,-0.16423594404809805,0.13400643420149283,-2.7314765857630245
1.1990694999694824,70.15711975097656,-0.2482327230915277,0.2106551464321278,-2.7022197495517886
1.3005213737487793,49.95098876953125,-0.11287190475150484,0.8556409862059375,-2.6873269593941793
1.410801887512207,13.98455810546875,-0.10431236817015793,0.6774949881146819,-2.6894054259938867
1.4994163513183594,-21.3653564453125,-0.05036144940316953,1.3190732144959032,-2.691603673174963
1.599299669265747,-21.3653564453125,-0.41857167579448545,1.3190732144959032,-2.7030259068707054
1.6994116306304932,-26.328125,-0.4002174307674142,1.2719567008069657,-2.7472091732171964
1.8005588054656982,-26.328125,-0.8295682882212262,1.2719567008069657,-2.8092578451243715
1.899489402770996,-7.08697509765625,-0.1507722801336162,0.9386315339505362,-2.8933415694922497
1.999547004699707,11.040252685546875,0.4842919298994567,0.7670153536056574,-3.006935147902373
2.099360466003418,28.78778076171875,0.8948596635626647,0.471901791133976,-3.130309995868135
2.199322462081909,28.64276123046875,1.1679052666621708,0.007317602656597977,-3.310068393346344
2.299316167831421,-1.063873291015625,1.2409718631085958,-0.20757815117965883,-3.4716109368798014
2.4012343883514404,-34.03314208984375,1.1820755243044412,-0.474579879820447,-3.6709842815899343
2.4988925457000732,-65.00192260742188,0.7563094654900883,-0.7172750498297846,-3.829478544836493
2.5993239879608154,-65.00192260742188,0.7500950350910565,-0.7172750498297846,-3.966672743038483
2.7016708850860596,-61.49847412109375,0.46392162322531205,-0.8402400590912729,-4.068180511012351
2.799858331680298,-30.529083251953125,0.29679445709922603,-0.9821835987558512,-4.161454821779915
2.8996217250823975,7.08648681640625,0.2170991163848947,-1.3397013308872818,-4.215620042958231
3.000196695327759,13.034210205078125,0.26532220482505,-1.4766198591069353,-4.221926073102589
3.099306344985962,13.034210205078125,0.34399336013683246,-1.4766198591069353,-4.273011673367162
3.2013065814971924,0.24609375,0.42665756761662216,-1.804750518379496,-4.309509359387692
3.3009085655212402,-38.056365966796875,0.2281751986882972,-1.9906584730296055,-4.33629756932171
3.401219606399536,-38.056365966796875,0.35735642109718896,-1.9906584730296055,-4.330066031755232
3.499631881713867,-55.0531005859375,0.20286478697392166,-2.0818231123783386,-4.321990535196379
3.5997366905212402,-45.0771484375,0.030529786941377188,-2.22689240081258,-4.321180907496417
3.6999330520629883,-23.847900390625,-0.05730712368154681,-2.2011564535938013,-4.313772497705306
3.7999680042266846,-23.847900390625,-0.13379293274769546,-2.2011564535938013,-4.303336612852689
3.899400472640991,4.984283447265625,-0.17853531271750273,-2.197940436212477,-4.301568081904082
3.999128580093384,4.984283447265625,-0.26545279395662646,-2.197940436212477,-4.26269050472103
4.100445032119751,1.38104248046875,-0.19817986490539927,-2.198005183203639,-4.24035246853779
4.199556350708008,-7.25616455078125,-0.16651487455781372,-2.152826071514853,-4.2185235498144715
4.299391746520996,-30.47161865234375,-0.13444437867307793,-2.1715185352613373,-4.183715341892462
4.4005231857299805,-31.203765869140625,-0.02010578946882855,-2.118057124015596,-4.199139550862112
4.498941659927368,-31.203765869140625,-0.08569820505184358,-2.118057124015596,-4.1350155177315955
4.6016621589660645,-2.70263671875,-0.04966197626479015,-2.0951758069556514,-4.090814263238691
4.699198484420776,15.046875,-0.051182146133953506,-1.9408879624079018,-4.014143810390569
4.799172401428223,15.046875,-0.10246049792155854,-1.9408879624079018,-3.939837808511588
4.899494409561157,23.710113525390625,-0.04973232653317159,-1.8806497107446098,-3.846854653223824
4.999287128448486,-10.893951416015625,-0.04716099476049044,-1.7965401565411998,-3.72911154113697
5.099423170089722,-49.09869384765625,-0.01771252546385838,-1.6982367200347719,-3.72911154113697
5.201949596405029,-49.09869384765625,-0.09261241283347267,-1.6982367200347719,-3.5933833335326937
5.299078702926636,-89.952880859375,-0.038356713953963534,-1.4878456616030116,-3.5711181270830097
5.40108847618103,-89.952880859375,-0.179511306779496,-1.4878456616030116,-3.421586320646549
5.500976324081421,-95.82205200195312,-0.10150932659134612,-1.1441165417445083,-3.269691506067251
5.599148988723755,-65.06951904296875,0.04246057699745494,-1.119967273810765,-3.2202861152590603
5.701310873031616,-65.06951904296875,-0.06172337794748702,-1.119967273810765,-3.0978827283986208
5.79931116104126,-38.41229248046875,-0.11491407479618945,-0.8522636744627823,-2.93503661331613
5.899415016174316,-38.41229248046875,-0.17569319325395671,-0.8522636744627823,-2.849795094261817
5.999114274978638,-22.272216796875,-0.06387900862801366,-0.6797898177746511,-2.773830138751658
6.0989906787872314,-22.272216796875,-0.1460285313761064,-0.6797898177746511,-2.6519239305288145
6.200795412063599,-17.878082275390625,-0.06374561210935899,-0.4536833986261035,-2.598047476545735
6.299529314041138,-17.878082275390625,-0.17848653007109958,-0.4536833986261035,-2.4523997617800233
6.3999292850494385,-29.663299560546875,-0.17093085135430922,-0.18603237725808786,-2.3152802494373477
6.500090599060059,-52.43023681640625,-0.11083044581447601,0.23537440431084455,-2.1958752500104635
6.599586248397827,-48.4620361328125,-0.15265168362191792,2.0231307466698087,-2.047398826493771
6.700428009033203,-20.63116455078125,-0.4379784150151706,3.163627741917672,-1.9065865580379562
6.799468278884888,-20.63116455078125,-1.8772282048681745,3.163627741917672,-1.7792329117325103
6.901273488998413,9.78546142578125,-4.643521842915436,8.560854748037258,-1.6692698991635089
7.001739978790283,8.55780029296875,-2.961138225922038,8.560854748037258,-1.5679294657825
7.701198577880859,133.91189575195312,2.2499016289070446,8.560854748037258,-1.494546195923573
7.80108904838562,185.40663146972656,1.404189567165348,8.560854748037258,-1.5921995482007318
8.099773406982422,308.06627082824707,3.1734728782500596,8.560854748037258,-1.932386645994292
8.201465368270874,308.06627082824707,3.726297308635684,8.560854748037258,-2.055105427299045
14.29950761795044,-294.38323974609375,1.6938723218567833,1.4145549911313324,-5.289432751850126
14.599332571029663,-229.840087890625,1.685217241279897,1.0113608523012578,-4.789467074091192
14.699719667434692,-205.88824462890625,1.339829935731341,-2.1111702186110755,-4.61590321678252
14.801312446594238,-135.28955078125,0.7204901782969798,-3.6750084087673702,-4.400506851348087
14.899476289749146,-135.28955078125,0.8406452123602507,-3.6750084087673702,-4.295352072059021
14.999938726425171,-104.35931396484375,1.2566412848887305,-3.848353622240891,-4.082525728758952
15.099006652832031,-104.03079223632812,0.9692903801100452,-4.3386056532941035,-4.00100745047485
15.203086853027344,-104.03079223632812,1.095242857806172,-4.3386056532941035,-3.8843783312201388
15.299883365631104,-90.7581787109375,0.7446410389361101,-4.893275549415762,-3.6926305207116457
15.401026248931885,-7.79327392578125,0.6920144870324687,-5.040597759768086,-3.5166332111281404
15.500730991363525,-7.79327392578125,0.6927420602348684,-5.040597759768086,-3.3410107685557935
19.200693368911743,-262.09222412109375,0.02724920274749128,-4.961380604541009,0.07985419616199518
19.29937195777893,-198.46290588378906,0.029417980255842708,-4.895478361892203,0.11047777034741202
19.399125337600708,-198.46290588378906,0.07387284891378262,-4.895478361892203,0.2103214096867152
19.499908447265625,-147.94580078125,0.23724593928655563,-4.817559933711646,0.31078135319920364
19.598954439163208,-113.163818359375,0.23613128289980473,-4.765376520720684,0.4238856542713627
19.7007417678833,-88.16790771484375,0.10495157635389848,-4.640831652896718,0.5383478975399827
19.79939889907837,-72.5185546875,0.005906716558005763,-4.499002858254103,0.6530735585775567
19.899710416793823,-72.5185546875,-0.03652662434958629,-4.499002858254103,0.7361343334075645
19.999188661575317,-90.26617431640625,-0.10070925629891135,-2.921301569746227,0.7846199926946271
20.09909677505493,-90.26617431640625,-0.24424297759284896,-2.921301569746227,0.9156718050877162
20.19965624809265,-119.33956909179688,-0.22952551593163237,-2.908414300928018,1.0520106526448423
20.30025291442871,-110.4061279296875,-0.06114653028402299,-2.60235771082414,1.175160561899503
20.400031805038452,-76.98455810546875,0.05065487349830438,-2.4280308285005225,1.3070977548416094
20.49905037879944,-29.93304443359375,0.01992436534076047,-2.377352985266952,1.3211034712031715
20.599568128585815,-29.93304443359375,-0.003912114892682771,-2.377352985266952,1.4510401908130834
20.700634002685547,8.909912109375,-0.06655465518165109,-2.2254493140253118,1.6136932284290593
20.801182985305786,20.7694091796875,-0.039415102975826594,-2.1108698526257434,1.7523200274354123
20.901089906692505,20.7694091796875,-0.061359414300570195,-2.1108698526257434,1.915002800910715
20.999367475509644,35.801361083984375,-0.06634610233788471,-1.8025301702199448,2.0679998727665065
21.10191822052002,19.3543701171875,-0.10596319164869379,-1.6137320246669962,2.2214843192464695
21.198978900909424,17.4627685546875,-0.20949046056934972,-1.2851090627424462,2.403250213305789
21.299572706222534,15.00958251953125,-0.2797857698044625,-1.2058356445224252,2.5796257861731675
21.399386405944824,34.09197998046875,-0.2838761658309114,-1.010381244839504,2.7628567665795227
21.499867916107178,34.09197998046875,-0.525327805663154,-1.010381244839504,2.9626173999991376
21.59913969039917,73.797119140625,-0.509620934009283,-0.5853547439866373,3.1494157180388704
21.701590538024902,97.73223876953125,-0.23157299626303537,-0.12498610574973323,3.318435595897471
21.80198621749878,108.74697875976562,-0.11083825045078168,0.38483573211542765,3.494748607626722
21.899291038513184,100.46519470214844,-0.22424548580813874,0.5896320310342631,3.654330596345
22.00009846687317,72.1826171875,-0.06432853163348824,0.9239164006588982,3.719703802034873
22.1013286113739,72.1826171875,-0.12823562102004274,0.9239164006588982,3.7332724293643675
22.199788570404053,72.1826171875,-0.3385301903493463,0.9239164006588982,3.7982831534436414
22.29930877685547,52.4825439453125,-0.30399129505049316,1.2666037902388654,3.9148465174125278
22.399014711380005,52.4825439453125,-0.6083257808274206,1.2666037902388654,4.0209741721425925
22.50161075592041,72.01260375976562,-0.22624840845506952,1.5291817953902553,4.0903596281300825
22.599568843841553,108.70858764648438,0.34745542632774884,2.5842456541446754,4.143873049017746
22.705679416656494,155.51805114746094,0.8280335727050985,1.1819140660828484,4.194878421166436
22.800549268722534,176.76002502441406,0.7455153252336344,0.8650714216254318,4.202321547748472
22.89908790588379,166.9618377685547,0.46537949315779914,0.6557248924223282,4.195043162244756
23.00076150894165,166.9618377685547,0.7010473447964914,0.6557248924223282,4.17016498425115
23.10248112678528,166.9618377685547,1.441039264067755,0.6557248924223282,4.1052977053960795
23.19929265975952,142.4364471435547,1.438201780381002,0.48424067679775007,4.035907244441763
23.300176858901978,131.70681762695312,0.9440555029648081,0.7049058320421233,3.966821050236133
23.401421070098877,105.77082824707031,0.5850474669725854,0.6698944327274825,3.8808815671389567
23.500881910324097,93.14811706542969,0.20483010326481,2.006206916456387,3.791797750272794
23.60298204421997,123.23440551757812,-0.11955463468251994,2.2088666889700477,3.70577835760394
23.700611114501953,180.81802368164062,-0.05333007515050593,1.9137974627753485,3.6582858916748098
23.800489902496338,180.81802368164062,-0.5855060208278144,1.9137974627753485,3.5999461543688938
23.9015953540802,180.81802368164062,-1.3753671315277287,1.9137974627753485,3.507569144236321
23.999558448791504,243.10218620300293,-0.02271151367389324,0.5624381580863558,3.507569144236321
24.099321126937866,243.10218620300293,-0.4897744986001428,0.5624381580863558,3.380535511897092
24.201168537139893,279.9019241333008,0.9119455663975764,0.591506665498061,3.2349245450948168
24.299400806427002,279.9019241333008,1.8619761683010136,0.591506665498061,3.1019802040755255
24.401606559753418,271.4800033569336,1.483483001779773,-0.5316963627927054,2.9567465275106812
24.499282598495483,242.79303741455078,0.9279014430387154,-1.0612898062300342,2.834585871688761
24.59977674484253,210.83575439453125,1.0317948357253388,-1.215580393065129,2.731945993072733
24.700637102127075,183.3723602294922,1.007531981752705,-1.5220278680155497,2.6512586964319986
24.79932975769043,192.4036636352539,0.5734118430282323,-1.5487910863761432,2.5998275147190952
24.89936065673828,237.79936981201172,0.2463500017095897,-1.6151389292402527,2.5336004213240475
25.000731706619263,237.79936981201172,0.2051665888638585,-1.6151389292402527,2.498223909844553
25.099077463150024,291.66764068603516,0.19260596554983736,-1.5990165894408745,2.467826558771179
25.19981598854065,291.66764068603516,0.18455779368455402,-1.5990165894408745,2.4242196915401575
25.299662113189697,295.53708267211914,0.3780328776701005,-1.4813516650221628,2.4242196915401575
25.400659561157227,295.53708267211914,0.36593137963457084,-1.4813516650221628,2.3877353232781005
25.50043749809265,281.47039794921875,0.258275788016619,-1.7551096978377903,2.3866765672183448
25.599703550338745,232.9022388458252,0.13693506762431978,-1.8640250523794304,2.3845650331611594
25.69935131072998,179.75390243530273,0.17416999748355352,-1.8726631146829895,2.3870360720777324
25.799642086029053,179.75390243530273,0.2029365887246026,-1.8726631146829895,2.4056634235384102
25.900766372680664,155.23025512695312,0.11419857042628004,-1.8394003368880334,2.420294406351214
26.000112533569336,155.23025512695312,0.17571087771773178,-1.8394003368880334,2.4673588509030573
26.100170612335205,176.42724609375,-0.040650009926296665,-1.8175138939284352,2.5290578848121967
26.19986128807068,205.88673400878906,-0.222719849616151,-1.8014741699690564,2.5932817203806966
26.299406051635742,219.54676818847656,-0.14144970394744633,-1.8226527642101473,2.6682575340772985
26.400196313858032,191.04900741577148,0.03511485656276939,-1.8267616091984795,2.708144055931216
26.499455451965332,191.04900741577148,0.029401870802458277,-1.8267616091984795,2.753132097195106
26.600162744522095,156.5112762451172,0.09534271780264127,-1.8240109351457798,2.8256052159027636
26.70007872581482,156.5112762451172,0.05254378881627434,-1.523428967376816,2.9176099997341858
26.79962921142578,115.01309204101562,-0.05085803628088862,-1.264384417800179,3.0318091203930866
26.89946937561035,96.4678955078125,-0.22844572553200204,-1.011919717248917,3.1315440877044516
26.999040365219116,88.49359130859375,-0.05735751944747843,-0.624746850402377,3.1607839502526662
27.098994493484497,88.49359130859375,-0.42977071820744966,-0.624746850402377,3.2664663646393333
27.199548721313477,91.02978515625,-0.6146686024753616,-0.07931879190705526,3.3971599627394493
27.299617290496826,73.29946899414062,-0.30011048349676217,0.256626339674785,3.4823356874776668
27.401285409927368,73.29946899414062,-0.40279369961197375,0.256626339674785,3.519812365725162
27.50049591064453,73.29946899414062,-0.8096563191351472,0.256626339674785,3.644626265685609
27.60144591331482,39.68341064453125,-0.6605943390406056,2.1571225435262207,3.7635979821399683
27.699634313583374,2.27911376953125,-0.31548144807042217,2.270582453391075,3.8656195134529945
27.79925012588501,-38.283447265625,-0.5943980134851615,2.488327235661174,3.948205554307634
27.90002679824829,-62.840911865234375,0.5959044223081843,2.4256000637491653,4.039114296720751
28.00030541419983,-67.6817626953125,0.4993267402329643,2.3092761748128137,4.110579775753385
28.09978485107422,-53.93646240234375,2.0312048322733114,8.560854748037258,4.1527648876838406
28.20201873779297,-53.93646240234375,3.0338506918792767,8.560854748037258,4.161196863361818
28.299346446990967,-35.170440673828125,2.7492058139682647,8.560854748037258,4.158039254629566
28.399277448654175,-44.457672119140625,2.004801211783968,8.560854748037258,4.19784118348621
28.501609325408936,-80.199462890625,1.9104415981316867,8.560854748037258,4.227181236685027
28.599671125411987,-128.54855346679688,2.2324752270525314,8.560854748037258,4.1940569288875285
28.699684619903564,-185.668212890625,1.3823319713022488,1.5232286756433675,4.13675439752952
28.799686193466187,-220.01483154296875,1.3790917974667067,0.3326827064322284,4.065971029764942
28.899040937423706,-220.01483154296875,2.4137623462315734,0.3326827064322284,4.011564170618197
28.999428272247314,-216.93389892578125,2.7726144121015475,0.17733239567832548,3.9564338058049167
29.099589109420776,-184.4832763671875,2.089836787145987,0.1311307526220462,3.8919576734141135
29.20017147064209,-172.69158935546875,1.1768832657448274,0.1625981060218562,3.8319659368705423
29.299233198165894,-205.688720703125,0.41915752345944823,-0.04032986723697718,3.7599648343454763
29.399458408355713,-280.2274169921875,0.1568876707868964,-0.1062671638682069,3.6744891170236684
30.799601078033447,-165.4248046875,0.968307452819396,-0.9521906810062646,2.2614849523078107
30.898975372314453,-125.74270629882812,0.8662383295489686,-1.0501996599951209,2.0254117927277537
30.999325037002563,-97.4471435546875,1.1758440679416637,-1.2895425367681526,1.7480350109757108
31.099053144454956,-97.05767822265625,0.9215376028528507,-1.6598134734470928,1.5375006815737882
31.199992418289185,-97.05767822265625,0.9805883490724282,-1.6598134734470928,1.486831982293988
31.29940700531006,-97.05767822265625,1.142895965264715,-1.6598134734470928,1.373468767582807
31.401222944259644,-128.95358276367188,0.5614804801799128,-1.8224545598216721,1.2883637991396348
31.499722003936768,-128.95358276367188,0.7647376692506703,-1.8224545598216721,1.0546705787897226
31.60001230239868,-186.79031372070312,0.5951613303751211,-1.8272263178406245,0.8157702362473582
31.704188585281372,-242.8802490234375,0.15251186922157647,-2.0461659187757197,0.642024293955334
31.79896855354309,-276.378662109375,0.057048816544820136,-2.4128695664996775,0.4648996449263674
31.899463415145874,-276.0101318359375,0.1513096239749651,-2.548850073107876,0.2860797740566303
32.00025033950806,-267.4771728515625,0.22556222226946374,-2.7361995527897287,0.13302723590731524
32.099523305892944,-267.4771728515625,0.13071123715799016,-2.8954432087005126,0.019196146790045
32.201196908950806,-241.86700439453125,-0.011541803446576937,-3.199066487697408,-0.06774261648869473
32.30113124847412,-220.11309814453125,-0.06850138198225224,-3.27192345594061,-0.19184903954057209
32.3997368812561,-199.6285400390625,-0.017977037553616758,-3.401809104546314,-0.27298266152733053
32.49917149543762,-197.565673828125,0.046719058299394996,-3.561056846098487,-0.3501100806698627
32.60042691230774,-247.4906768798828,0.03301074303923229,-3.7172728478786485,-0.38460820583001976
32.69960570335388,-247.4906768798828,-0.008497292842391594,-3.7172728478786485,-0.42132825284169684
32.79931616783142,-267.68572998046875,0.18346349797633119,-3.7292686712922367,-0.4245090115981096
32.899638652801514,-267.68572998046875,0.165438233664701,-3.7292686712922367,-0.4227579433326403
33.00029420852661,-233.14353942871094,0.2541996645341856,-3.7598740061895963,-0.4158404049112727
33.09927034378052,-177.08584594726562,0.21157662213521994,-3.7251680641527867,-0.393679415703426
33.19916009902954,-121.75592041015625,0.1497087110752073,-3.6390340887328274,-0.3780841025144488
33.29962968826294,-97.6856689453125,0.11134967579051687,-3.509977319787861,-0.30694735675373863
33.401859283447266,-127.44708251953125,0.058628724664562586,-3.4762362239784226,-0.24424575733716658
33.499229192733765,-127.44708251953125,0.044690862747531555,-3.4762362239784226,-0.1512316467060577
33.599326848983765,-157.2596435546875,-0.0074413523719554404,-3.4511438639711285,-0.05327542726851853
33.701847076416016,-176.4180908203125,0.06079463726505806,-3.445863910183086,0.08373410444814766
33.799830198287964,-133.40478515625,0.15965010239393151,-3.3245395383379743,0.19445095392072265
33.89952516555786,-133.40478515625,0.16513258354484311,-3.3245395383379743,0.22507776612213437
34.001779556274414,-133.40478515625,0.1715953701019003,-3.3245395383379743,0.30392561427308795
34.10084509849548,-84.438232421875,0.1570291818105684,-3.2022663041951023,0.3090098366177454
34.19908022880554,-84.438232421875,0.15527490780085465,-3.2022663041951023,0.49770045001276486
34.301204681396484,-33.64306640625,0.09521374445293265,-3.1670746858205394,0.6674482855275121
34.39937710762024,-5.43255615234375,0.09139743429503734,-3.0084019723410824,0.9073161217728334
34.49962782859802,11.610870361328125,0.07635813207424838,-2.9172887800967184,0.9704829160494937
34.60167574882507,11.610870361328125,0.07113907836208905,-2.9172887800967184,1.1434170734696583
34.701295137405396,6.7691650390625,0.07185826767731571,-2.6515102119300162,1.3676893770472773
34.80140209197998,-14.297332763671875,0.028606339680983254,-2.1256928003746167,1.6439915217522607
34.89928364753723,-6.73162841796875,0.0519111600281918,-1.77754764553866,1.8791217277753143
34.99956750869751,-6.73162841796875,0.04905897997531437,-1.77754764553866,2.1914130143428174
35.10283899307251,30.66217041015625,-0.07295832423856978,-1.7010531656563632,2.4898508010414293
35.2002489566803,54.612701416015625,-0.04835925959596983,-1.5928214003121157,2.7264968411387915
35.3011519908905,77.12081909179688,0.044425531622386265,-1.4106550739092887,2.757677854079125
35.40114903450012,77.12081909179688,-0.07081994480735405,-1.4106550739092887,3.092337732629309
35.49908518791199,78.64337158203125,-0.08986249497728455,-1.1926339890757163,3.369992138166298
35.600932598114014,45.91614532470703,-0.07102968430392538,-0.7065462577953374,3.662037015837365
35.699291944503784,24.992523193359375,-0.14527836034975083,-0.037497352658579786,3.932832665571784
35.7994327545166,24.992523193359375,-0.5777963863492418,-0.037497352658579786,4.236347442983638
35.89913034439087,35.777618408203125,-0.4959522463339832,1.6429912074835986,4.527620894057327
35.999154806137085,35.777618408203125,-2.210774160110744,8.560854748037258,4.80949200590695
36.10058307647705,68.03021240234375,-3.192670034526818,8.560854748037258,5.09478586264512
36.200865507125854,78.114990234375,-1.2630896064295005,8.560854748037258,5.152369228448958
36.301095485687256,78.114990234375,-2.8389418184036264,8.560854748037258,5.3141218866007165
36.799522399902344,73.05331420898438,2.7658490459303136,8.560854748037258,5.833902559119748
36.89993691444397,73.05331420898438,3.6428867924638877,8.560854748037258,5.917628010210825
36.99932336807251,94.4007568359375,1.6599509128269396,8.560854748037258,5.95304849347256
37.10089921951294,141.2777099609375,0.7705848671006758,8.560854748037258,5.9427969502216875
37.20026183128357,187.2156524658203,-1.6210132649096534,8.560854748037258,5.919782978495345
37.89979672431946,183.53961181640625,3.4405436023170584,8.560854748037258,5.489526768877697
38.00064420700073,183.53961181640625,4.892131020182882,8.560854748037258,5.302405140445503
38.09964036941528,224.05105590820312,3.866598086896087,8.560854748037258,5.24319160788378
38.199995279312134,224.05105590820312,4.01079076061011,8.560854748037258,5.135593334589187
38.299283266067505,224.05105590820312,3.5487568186866225,8.560854748037258,4.904277619989291
38.40049624443054,242.432279586792,1.4440371103428613,3.192969702544689,4.669974448005121
38.50149202346802,236.23925971984863,0.9616510729608199,1.4881696668685738,4.61745498623374
38.59993648529053,236.23925971984863,1.2509777139096008,1.4881696668685738,4.3525892673160875
38.70006465911865,202.88784790039062,2.445174518199247,0.9417395186179913,4.037260333971245
38.80127501487732,202.88784790039062,3.398589581515045,0.9417395186179913,3.846171081169233
38.90126132965088,160.5767059326172,2.223789007653297,0.05574379349395375,3.5931851161926858
39.00207018852234,122.84259033203125,1.2707332642491376,-0.20070105950813666,3.362135930945774
39.09955835342407,110.34286499023438,0.7842096731733901,-0.5781434876389984,3.1609814386549324
39.20125365257263,104.83511352539062,0.7838364742010618,-0.654665210306586,3.1424327944382906
39.29941439628601,104.83511352539062,1.0330467343425718,-0.654665210306586,2.9263544283234317
39.39935660362244,123.74172973632812,1.0363773261371414,-0.6949107170805915,2.7288859361651117
39.499316453933716,133.810546875,0.5074273443717154,-0.6198377792065326,2.583738615185366
39.60028696060181,133.810546875,0.27438542055251897,-0.6198377792065326,2.4981004701202885
39.699118852615356,102.96322631835938,0.1887902239576445,-0.7914480120243441,2.4252228469320656
39.80667185783386,66.64239501953125,0.17762669867917344,-0.9310860049676117,2.3283281549158463
39.899478912353516,36.2781982421875,0.24689635707691068,-0.9878978228680584,2.285598688793609
39.99979257583618,37.837066650390625,0.2670083403159368,-1.1596793557919511,2.275989518245277
40.09939384460449,82.33465576171875,0.13449397049879325,-1.2068134477577956,2.318433710369403
40.200594425201416,131.83737182617188,0.01561626162802485,-1.215257636969449,2.369779906593715
40.29939651489258,131.83737182617188,-0.0030434323903409926,-1.215257636969449,2.3872165130462033
40.399924755096436,131.83737182617188,-0.045447726092171965,-1.215257636969449,2.4433460531465006
40.50043559074402,144.14181518554688,0.06750404285325819,-1.1983502867366163,2.4788226715664177
40.60137367248535,144.14181518554688,0.012276697281582849,-1.1983502867366163,2.6169128447597636
40.70168614387512,123.62255859375,-0.022206806572511076,-1.0933739430002314,2.7776784158521792
40.79930567741394,89.01272583007812,0.030517549293031635,-1.093266916515197,2.7776784158521792
40.899155378341675,89.01272583007812,-0.13011460626105836,-1.093266916515197,2.9518859419889196
40.999234676361084,50.006072998046875,-0.03849675187133375,-0.7930036434875891,2.980796344109377
41.099610328674316,50.006072998046875,-0.2944444822427354,-0.7930036434875891,3.1709991469132373
41.20050525665283,40.32306671142578,-0.10893318443603009,-0.5977060808175771,3.1971395593137224
41.299437046051025,40.32306671142578,-0.45391690872282026,-0.5977060808175771,3.4120007723223704
41.399200439453125,65.17070007324219,-0.2704553056441241,-0.3898196170780688,3.5022700614384767
41.499024629592896,65.17070007324219,-0.4509448416265916,-0.3898196170780688,3.627684163688933
41.599076986312866,56.48229217529297,-0.3071167485624456,-0.16382927772471412,3.8262435321964645
41.69938611984253,56.48229217529297,-0.33371606647942664,-0.16382927772471412,3.8670544407792136
41.799187421798706,29.2164306640625,-0.24637286280385745,1.0673774525024706,4.073599053330511
41.900049448013306,29.2164306640625,-0.357148219276928,1.0673774525024706,4.191154234662749
41.99925684928894,-2.6900634765625,-0.5222606451224548,8.560854748037258,4.247022438041878
42.09992504119873,-2.6900634765625,-2.4444377925132668,8.560854748037258,4.4415405383139674
42.19994854927063,-25.407073974609375,-1.075303555425442,8.560854748037258,4.471015077173915
42.300145864486694,-25.407073974609375,-4.382583078199915,8.560854748037258,4.649498709630834
42.39924669265747,-26.235595703125,-1.4316394872617544,8.560854748037258,4.79399573004317
42.90215253829956,-40.2066650390625,2.869645752487878,8.560854748037258,5.131598578435238
43.00000548362732,-3.9281005859375,1.2258077237328686,8.560854748037258,5.110999215407411
43.09903025627136,33.176727294921875,0.39442673079999396,8.560854748037258,5.110999215407411
43.200690269470215,33.176727294921875,0.4244035710191126,8.560854748037258,5.107495992948202
43.30178904533386,33.176727294921875,0.24778003495702264,8.560854748037258,5.090359353456867
43.39966297149658,33.176727294921875,0.019670090079706735,8.560854748037258,5.069051487119603
43.50296235084534,58.384033203125,-1.0907155716767925,8.560854748037258,4.995979090338077
43.59963083267212,59.80450439453125,-2.652100384334565,8.560854748037258,4.85324046446242
44.30063486099243,75.431396484375,2.383242700153549,8.560854748037258,3.591512335160841
44.400538206100464,75.431396484375,2.9831300022655154,8.560854748037258,3.4295178896225593
44.49958920478821,112.36351013183594,1.009072853437213,8.560854748037258,3.1067801427601207
44.59931659698486,112.36351013183594,-0.277516913238863,8.560854748037258,2.7744829092436234
44.69933533668518,155.36927795410156,0.42754498841041805,8.560854748037258,2.389490852709015
44.80107116699219,155.36927795410156,-1.0090178258213176,1.8072088708515954,1.9658268232681477
45.29895067214966,208.34898376464844,2.110777034619253,1.0786987839720075,0.512712317787404
45.40044546127319,208.34898376464844,2.897525400496222,1.0786987839720075,0.26263794634165993
45.499094009399414,278.89024353027344,1.476599940156373,-1.6029152193946974,0.01025477852729395
45.599388122558594,278.89024353027344,1.6124026789805876,-1.6029152193946974,-0.1899159001912114
51.10258603096008,-252.225830078125,0.5103311694647202,-1.5831698953300428,-0.5232116511394587
51.19998002052307,-252.225830078125,0.5242912759784287,-1.5831698953300428,-0.5911499519082426
51.30468416213989,-183.58428955078125,0.8538372783466363,-1.5308151870747038,-0.6497276645618406
51.399433612823486,-126.1976318359375,0.9873982491101407,-1.4867103308300953,-0.6845017583041031
51.499112367630005,-93.09561157226562,0.4471709652359564,-1.3988832723856737,-0.6957882144093173
51.5996515750885,-93.09561157226562,0.7299071094466577,-1.3988832723856737,-0.7514402818861914
51.69954586029053,-95.194091796875,0.374589447602164,-1.0130648229216987,-0.7649763027005587
51.799046754837036,-95.194091796875,0.25162182208477535,-1.0130648229216987,-0.7875494938068464
51.90004301071167,-123.69854736328125,-0.10489168203002563,8.560854748037258,-0.8213584370293026
51.99932384490967,-123.69854736328125,-1.8724472051244618,8.560854748037258,-0.8456022596143065
52.09937882423401,-168.5113525390625,-3.9816591958491996,8.560854748037258,-0.8689667054545511
52.19933462142944,-200.10516357421875,-4.214702579807045,8.560854748037258,-0.932652210600792
52.8011999130249,-103.98782348632812,3.9044650446275884,2.1942970936737716,-1.7224428145978994
52.900192737579346,-61.64190673828125,1.8785126962627958,1.4443175704815783,-1.8128257870658935
53.01793909072876,-61.64190673828125,1.7068115189862365,1.4443175704815783,-1.834605162451851
53.10113573074341,-24.7081298828125,0.005123742311021247,1.1216501778073438,-1.927416324341868
53.19943618774414,0.937042236328125,-0.06520750556758088,0.7097118864082859,-2.034145170195041
53.29979491233826,0.937042236328125,-0.8862923508877563,0.7097118864082859,-2.168877074891378
53.3999662399292,-12.90679931640625,1.0506982042162067,-0.22778766145246276,-2.292725975381397
53.500590562820435,-35.03564453125,1.874123330451444,-0.5826281260890731,-2.4073927837857885
53.59902620315552,-65.2640380859375,2.1863935482220973,-0.750888059373084,-2.5256573963203226
53.701045751571655,-67.49407958984375,1.853180473624409,-0.7081012853299988,-2.6214932451889075
53.801456928253174,-45.377471923828125,1.4183277466390183,-0.8249058345495683,-2.7006300776615073
53.89901065826416,-45.377471923828125,1.340987993424319,-0.8249058345495683,-2.764191279496349
54.00094413757324,-10.493560791015625,0.9664959489993573,-0.9472049829358955,-2.7913850404188074
54.09969520568848,-3.18255615234375,0.7865561327727366,-0.9599241523148381,-2.798931895563812
54.204055309295654,-28.22314453125,0.7121299193837395,-0.9321458571565886,-2.8357224286769793
54.299907207489014,-63.38134765625,0.8478737937013376,-0.8823002612637945,-2.868417773658858
54.400036334991455,-97.97515869140625,0.9466054157991615,-0.8802641831669087,-2.8820235898630884
54.49954581260681,-98.82611083984375,1.0046932750738122,-1.0047460857805293,-2.8862611637854485
54.59910345077515,-98.82611083984375,1.0093883443352545,-1.0047460857805293,-2.907578575256016
54.69998025894165,-98.82611083984375,1.0639376365534023,-1.0047460857805293,-2.8982322552657847
54.80060148239136,-69.11163330078125,0.9506113093553601,-1.0017633329122466,-2.894040053491049
54.89963388442993,-73.44039916992188,0.7576792186592373,-0.9804602585563469,-2.8929299745614316
54.999443769454956,-73.44039916992188,0.7813574703392075,-0.9804602585563469,-2.855563673102643
55.101897954940796,-104.15838623046875,0.5397535380201542,-0.9569959087383042,-2.797993666571477
55.200732707977295,-152.37026977539062,0.41207663096467534,-0.9130267797257998,-2.800654236000466
55.30349254608154,-152.37026977539062,0.3348138123970132,-0.9130267797257998,-2.7244423253913337
55.398921728134155,-201.3275146484375,0.17988471022487365,-1.1321148218670443,-2.626396878606068
55.49954295158386,-212.46875,0.29914892808696486,-1.1872318469960774,-2.531902393007439
55.59907388687134,-234.8634033203125,0.36584169973923625,-1.23873064453079,-2.4150255016035844
55.69952082633972,-234.8634033203125,0.5393155674417828,-1.23873064453079,-2.287154427526864
55.799280643463135,-214.47662353515625,0.43608266066125867,-1.2585894666244934,-2.197859138097249
55.89947319030762,-170.26010131835938,0.1913583912318044,-1.2961111162488015,-2.1576228103966866
55.999613761901855,-170.26010131835938,0.18360168461040227,-1.2961111162488015,-2.007761674586421
56.10088062286377,-126.47396850585938,-0.06767382248145908,-1.049092989659508,-1.8567730189975906
56.200525760650635,-113.05792236328125,-0.18616107550609998,-0.9064857840700062,-1.6830410735733388
56.30010437965393,-105.904296875,-0.30752909985255955,-0.6856823114390282,-1.5431055759044199
56.399558544158936,-120.12518310546875,-0.42154529039345356,-0.44282862707622517,-1.3759858351158751
56.50014328956604,-120.12518310546875,-0.7084262292311694,-0.44282862707622517,-1.2298643830856504
56.59959387779236,-157.29150390625,-0.875487232147271,-0.09890700484608672,-1.0776660431562766
56.69937491416931,-176.24969482421875,-1.2256853166883814,8.560854748037258,-0.951520907585456
56.799787759780884,-162.49722290039062,-0.17384312620189724,8.560854748037258,-0.9341418063239768
56.90034198760986,-162.49722290039062,-0.8216803096278089,8.560854748037258,-0.8276452657020954
57.00022792816162,-137.34716796875,-1.6719544221767244,8.560854748037258,-0.7083848359858802
57.09920358657837,-128.68792724609375,0.4353164350157732,8.560854748037258,-0.6758493062383053
57.19900894165039,-128.68792724609375,-2.0875830918707243,8.560854748037258,-0.5879242893204513
57.30172824859619,-128.68792724609375,-3.3132725968176677,8.560854748037258,-0.4940842770513072
57.80001735687256,19.57763671875,4.225141957729169,8.560854748037258,-0.48387401817961084
57.89999961853027,19.57763671875,4.894473521323398,8.560854748037258,-0.5498654045745148
58.000365018844604,60.533721923828125,-0.9229185758041138,8.560854748037258,-0.5897085595878799
58.09980225563049,99.09640502929688,-3.3298464213556525,8.560854748037258,-0.637995386730422
58.19921875,112.28961181640625,-3.9954331326332797,8.560854748037258,-0.701500145015677
58.699240922927856,71.10453796386719,5.742847375849194,8.560854748037258,-1.2014370626251871
58.79960107803345,71.10453796386719,7.907409826903667,8.560854748037258,-1.3731548992014524
58.89925479888916,93.12509155273438,1.20602511574366,2.249861566801524,-1.487672718903318
59.001129388809204,132.63827514648438,-0.2745987131566413,1.5419926017759984,-1.5892849386674976
59.09961462020874,153.0433349609375,1.2704209762771028,-0.07433319528488003,-1.689117687727574
59.20093321800232,158.045166015625,2.231661473685818,-0.39987905894029474,-1.7634712600034694
59.30114006996155,126.93441772460938,2.288274156279149,-0.5766109854586619,-1.8539879432259978
59.399412870407104,75.08055114746094,2.0354352161986173,-0.7064295615492213,-1.9528831873532573
59.50079035758972,34.5777587890625,1.878566620167111,-0.7676050777095069,-2.003564962433418
59.601024866104126,16.601226806640625,1.826982547470375,-0.8505533388373383,-2.0386890316990542
59.70171928405762,16.601226806640625,1.7462695148422083,-0.8887585473785728,-2.0772447278203168
59.79961562156677,28.839111328125,1.8073735616368092,-0.8931600527508969,-2.0983516496751498
59.9000723361969,57.580780029296875,1.930468927612795,-0.6938842098330698,-2.1277276391058453
59.99923634529114,68.24876403808594,1.9477096205745148,-0.6967664598599654,-2.1712440400101336
60.09941911697388,47.91748809814453,1.9148680025331335,-0.6817714232621617,-2.190167365595706
60.2005889415741,6.220428466796875,1.6613491054519884,-0.6822706780116183,-2.2030634598260295
60.29977011680603,6.220428466796875,1.3569615309749936,-0.6822706780116183,-2.2125255928010716
60.39919567108154,-35.7593994140625,1.351053083378383,-0.8330856212829856,-2.2311687381004806
60.50381946563721,-35.7593994140625,1.191695865924132,-0.8928384343895583,-2.244015621372678
60.60055375099182,-51.94281005859375,1.2764274953120487,-0.8999876308979253,-2.2598664706888467
60.700803995132446,-54.505157470703125,1.1213254094493965,-0.9407930646248648,-2.2620897439371093
60.799073219299316,-54.505157470703125,1.1794002325655704,-0.9407930646248648,-2.258967444432862
60.899614095687866,-69.21435546875,1.0274433233971798,-0.887988208050456,-2.244186921708914
60.99934220314026,-77.7757568359375,0.7832224276346792,-0.755492110270767,-2.2049284424283666
61.09982514381409,-77.7757568359375,0.6756530442462385,-0.755492110270767,-2.1645796041039023
61.199251890182495,-83.31204223632812,0.41653386140044857,-0.8314622533011313,-2.1036645637253075
61.29953455924988,-69.552734375,0.3275156106356338,-0.7708829326936231,-2.0467141581923527
61.405420780181885,-54.030029296875,0.29999791046297536,-0.926513550145831,-1.9737433868355536
61.4998505115509,-40.498504638671875,0.2666497188145254,-0.9241494078603338,-1.9644456995618729
61.60025334358215,-40.498504638671875,0.2421606291653634,-0.9241494078603338,-1.8902018394000084
61.69982147216797,-40.498504638671875,0.2537837746986231,-0.9241494078603338,-1.865146781607021
61.80046224594116,-58.218719482421875,0.25146502599539783,-0.9191572025611263,-1.8268179713172854
61.89929819107056,-58.218719482421875,0.35829234677476945,-0.9191572025611263,-1.7313263946737303
61.99993276596069,-95.0401611328125,0.23480391977079862,-0.8136704589893329,-1.6407066774838528
62.09970283508301,-103.2303466796875,0.1767736823014612,-0.8251353361724263,-1.5393278954078617
62.19942831993103,-99.29330444335938,0.07208114610730414,-0.7949715080730693,-1.427359081883031
62.29941368103027,-81.57403564453125,0.022773114469232098,-0.5459125531341256,-1.330847510357982
62.39939856529236,-81.57403564453125,-0.09957056145033859,-0.5459125531341256,-1.2276574943188567
62.499701738357544,-53.55279541015625,-0.09815594507527299,-0.511553178783112,-1.1722008220410354
62.599857330322266,-61.508026123046875,-0.0911232096695868,-0.42243195236812614,-1.1098563793365548
62.69931960105896,-61.508026123046875,-0.221569293414265,-0.42243195236812614,-0.9990181144789814
62.79942440986633,-74.79681396484375,-0.14636167074090856,-0.3539735839527065,-0.8946502430703376
62.899428606033325,-73.11212158203125,0.020399262853111645,-0.25893430528627004,-0.790616325905245
62.99929165840149,-48.36767578125,0.11824715640320595,-0.26479168496421224,-0.6995141339322206
63.099143266677856,-13.786376953125,0.12371076570282309,0.10151633528170301,-0.6010067925214395
63.20163106918335,-13.786376953125,0.07858230569772891,0.10151633528170301,-0.5284641525215905
63.29994463920593,-2.27532958984375,-0.11520689985063641,0.21500127342069852,-0.4672727344545322
63.41840195655823,-24.151641845703125,-0.25051291379122675,0.49196163632178,-0.4162014825525624
63.500027894973755,-45.4464111328125,-0.11601759417364726,1.046093228492757,-0.41202868140421156
63.599655866622925,-63.49078369140625,-0.1635331477045299,1.2316204932416355,-0.3762626943383589
63.699403047561646,-59.99566650390625,-0.2896894570525265,2.363941627582445,-0.3742226581499919
63.79994201660156,-29.747802734375,-0.6022874723022212,8.560854748037258,-0.38411636932583626
63.89969205856323,-29.747802734375,-2.6119061122531266,8.560854748037258,-0.4091355752820567
64.0000855922699,-8.6024169921875,-3.2617073098353297,8.560854748037258,-0.44992141729039314
64.49916100502014,12.78253173828125,5.010985044980891,8.560854748037258,-1.0064825876789971
64.59973549842834,12.78253173828125,6.797992305587062,8.560854748037258,-1.1125910912331802
64.70138454437256,51.0655517578125,0.7229489134553007,3.4083796392133667,-1.2156912321674822
64.79903149604797,90.3848876953125,-0.9744239781791333,2.1917451944513395,-1.3262995355764584
64.90123772621155,116.22561645507812,-0.2997276159482346,2.0239384290987132,-1.4216868846946609
64.99932432174683,144.54434204101562,1.3955780074684165,1.4697424227000706,-1.551965542875168
65.09973096847534,140.87576293945312,2.582922554035054,1.2341983289971115,-1.7006315579428808
65.19919538497925,86.82644653320312,1.5969063226437845,0.36114177816660575,-1.7450738741931602
65.29915595054626,86.82644653320312,2.6886907279890706,0.36114177816660575,-1.8556308873395766
65.39953780174255,86.82644653320312,3.7911617799736095,0.36114177816660575,-2.0214744756991574
65.49958729743958,37.28522491455078,2.3944416277765197,-0.5818437242525354,-2.1636815747990794
65.59972929954529,3.7593994140625,1.6774066330838646,-0.7124017903896531,-2.3069783408024076
65.70116424560547,-25.08428955078125,1.4956314940168158,-0.8215730787062743,-2.424489943060357
65.79909420013428,-41.22442626953125,1.585141144787214,-1.0064068062868197,-2.5315925817139093
65.89991569519043,-22.6617431640625,1.6167845834898804,-1.109342318498574,-2.610464324183659
66.00150775909424,21.341796875,1.5136199609186636,-1.1969404717484862,-2.6785208083799006
66.09997510910034,21.341796875,1.4887485619462661,-1.1969404717484862,-2.7351321715529244
66.20189833641052,59.228271484375,1.1790604642607911,-1.4357347526791617,-2.7458306633976814
66.29951214790344,74.46279907226562,0.9578653845587015,-1.4583430056952267,-2.716248895609647
66.39949607849121,62.177032470703125,0.8332053959539666,-1.4905921647558422,-2.6338514379395903
66.50133776664734,35.107818603515625,0.7374946827940964,-1.4619168585122608,-2.5537879550508173
66.5997474193573,6.7850341796875,0.5875695352451076,-1.5327365752586282,-2.463205928100579
66.70163607597351,6.7850341796875,0.5942944941146299,-1.5327365752586282,-2.3475583627878676
66.80005550384521,15.066619873046875,0.5302324653483407,-1.4717434784688077,-2.256020992273563
66.89967942237854,52.48150634765625,0.34441688202017917,-1.3522801373483473,-2.0742371232592527
66.99971985816956,72.3123779296875,0.2560229040536933,-0.943354859752513,-1.9012777981303302
67.09993696212769,55.268463134765625,0.16982648972253858,-0.6841165511660918,-1.70370527650923
67.20144057273865,55.268463134765625,-0.2265622814772182,-0.6841165511660918,-1.4958539541681528
67.30163097381592,19.450439453125,-0.49073498699885376,-0.26389615265268773,-1.3063572364534908
67.39938640594482,-1.83807373046875,-0.35538134109643343,-0.024896249271455062,-1.1237739267784912
67.5040922164917,0.6429443359375,-0.20784155652480052,0.09063660655935468,-0.9140778798133189
67.59896087646484,5.592437744140625,0.001280863918203405,0.3582633566847555,-0.8040857360689424
67.69957566261292,5.592437744140625,-0.07480817675694504,0.3582633566847555,-0.7377748841714586
67.79953789710999,26.6434326171875,0.09062116488844948,0.8691646576492253,-0.6035219738728603
67.89910197257996,26.6434326171875,-0.05382665729008882,1.3903091319607332,-0.4700344682028206
68.00199604034424,16.4310302734375,-0.00459647946644406,8.560854748037258,-0.38179647744787637
68.1089837551117,-20.049560546875,-0.3526410653733531,8.560854748037258,-0.2766679856786167
68.20173382759094,-62.57037353515625,-1.439965346496182,8.560854748037258,-0.2191527644211897
68.79934239387512,-61.10516357421875,4.7511770564384355,8.560854748037258,-0.3434366873616659
68.89900636672974,-14.69110107421875,2.076507061878921,8.560854748037258,-0.38415222205753086
68.99962139129639,-14.69110107421875,2.535004251848861,8.560854748037258,-0.4563189218051473
69.10026669502258,20.0101318359375,-0.10604004365438444,8.560854748037258,-0.5869900794375544
69.20111346244812,20.0101318359375,-1.7249578688608955,8.560854748037258,-0.7348708880175572
69.29919457435608,28.62091064453125,-1.7796562199064738,8.560854748037258,-0.8767339006335781
69.9992847442627,-42.275970458984375,7.371258800526103,8.560854748037258,-1.8534417044895921
70.09930181503296,-22.061767578125,2.4039249909108173,0.9268641048381623,-1.9815860186723961
70.2025785446167,1.94171142578125,1.410373888870047,0.289862114629015,-2.083588141783672
70.29954814910889,1.94171142578125,1.3166395387362615,0.289862114629015,-2.1482806742510645
70.40057730674744,17.255615234375,2.3784133324915677,-0.11035788968145877,-2.1935531091252427
70.4999475479126,-3.797637939453125,2.519206676621736,-0.8652764716678698,-2.20484624569902
70.59922909736633,-51.0697021484375,2.3742662658613294,-1.3280567166553796,-2.1837168753620357
70.70053553581238,-118.46380615234375,2.346376944960406,-1.441221552580318,-2.136491748334602
70.80090832710266,-168.31283569335938,2.245477774092274,-1.8308034022013908,-2.066079499617434
70.89956307411194,-188.9984130859375,2.2807695094080587,-1.904196133555244,-1.981402064742972
71.00146889686584,-188.9984130859375,2.2571082908503404,-1.904196133555244,-1.8874357702686817
71.09944772720337,-177.15423583984375,2.180069706641671,-2.104616322212254,-1.8013374935988065
71.19944834709167,-156.67218017578125,1.9024582143887925,-2.411924321535917,-1.6959185462686523
71.29935812950134,-129.9918212890625,1.75481422705833,-2.521624460764336,-1.5919803211965649
71.39930629730225,-126.13088989257812,1.6142518834827,-2.5792699740742147,-1.4507407874710951
71.50050163269043,-145.96542358398438,1.2129643107611954,-2.65365934658126,-1.3947202294191525
71.59915256500244,-145.96542358398438,1.233697201697174,-2.65365934658126,-1.2837858710918981
71.70191645622253,-183.16253662109375,0.8990470152284851,-2.615094832820907,-1.0769291488543828
71.80027341842651,-183.16253662109375,0.7834440718817287,-2.615094832820907,-0.8723128365835269
71.90167474746704,-185.70004272460938,0.6376019337947305,-2.6553477549158253,-0.6650413203447609
71.99900555610657,-153.11837768554688,0.5918555765831471,-2.5787076632738035,-0.4449314345634159
72.09992218017578,-110.09182739257812,0.52883143835966,-2.415189473182352,-0.21236184134498526
72.20170998573303,-66.65643310546875,0.4016238523003176,-2.2822148006485987,0.007093625099686918
72.29990029335022,-58.63616943359375,0.34883898994236073,-1.83139068184901,0.2844500473339808
72.39913845062256,-80.20663452148438,0.2211509400971885,-1.4943950055936508,0.5480226950897888
72.49949789047241,-118.39242553710938,0.06824539696439538,-0.660835249475725,0.8219424749472877
72.59896349906921,-118.39242553710938,-0.3724870079159807,-0.660835249475725,1.1151778102020495
72.69940495491028,-140.4381103515625,-0.6496939458321958,-0.42263109959200307,1.383845242972999
72.80180430412292,-115.11776733398438,-0.5625311238700428,0.005470072131346093,1.7010486766045254
72.9026346206665,-81.69757080078125,-0.3124023317526502,0.5506077961669229,1.9888418974771094
72.999924659729,-47.33563232421875,-0.24002283606477776,8.560854748037258,2.2499606358315383
73.09919309616089,-56.30145263671875,0.3907878656318551,8.560854748037258,2.5118952415245523
73.50682854652405,-109.474853515625,2.4634769159973167,8.560854748037258,3.261083938196151
73.59900856018066,-83.77972412109375,1.3325292024280544,8.560854748037258,3.261083938196151
73.69930148124695,-83.77972412109375,1.3178472551335547,8.560854748037258,3.344031980894904
73.80110478401184,-49.758453369140625,0.13030199413259977,8.560854748037258,3.438552480819906
73.90061378479004,-29.388916015625,1.0831239143459714,8.560854748037258,3.5058729089830702
74.00040030479431,-29.388916015625,-0.2714034102836868,8.560854748037258,3.53426508529812
74.49950790405273,75.29739379882812,3.2751043987199813,8.560854748037258,3.3372834553784365
74.6017963886261,75.29739379882812,5.730621987308482,8.560854748037258,3.194149539088043
74.69953727722168,118.14064025878906,3.2493719939788144,8.560854748037258,3.0718938539517513
74.79939889907837,168.18373107910156,2.2979568018615395,8.560854748037258,2.945554757692154
74.90105819702148,244.14879035949707,2.5373974043020433,8.560854748037258,2.7877613183780703
74.99958777427673,244.14879035949707,1.8255391936795435,8.560854748037258,2.6168781776406576
75.10237717628479,266.45875549316406,2.8495249176906934,8.560854748037258,2.3872224001335223
75.19970965385437,238.48069953918457,3.124812698378436,8.560854748037258,2.1375465109968648
75.29984784126282,191.1881866455078,1.53782949624395,1.665274028480506,1.8552652048243106
75.39924931526184,147.93093872070312,1.4347999215952638,0.9079921185707045,1.5432357892663564
75.49917840957642,132.48544311523438,1.718235686056149,0.5087914147750654,1.3157189528718671
75.60140180587769,132.48544311523438,1.8831854542957103,0.5087914147750654,1.2710887842487315
75.70023202896118,118.4180908203125,2.0011935922252215,0.1193188046029352,0.9711967892496975
75.80104041099548,118.4180908203125,2.874383987619082,0.19418029669813652,0.6982627939282482
75.89949202537537,149.27603149414062,1.357228591887287,0.011952328999949025,0.45090002346450664
75.99929594993591,149.27603149414062,1.5321304608583235,0.011952328999949025,0.2106433087962749
76.09913468360901,163.3625946044922,1.2287295541341516,-0.26885393429175686,0.2106433087962749
76.19944930076599,163.3625946044922,1.522834371543197,-0.26885393429175686,-0.019480000277848575
76.29909038543701,161.47515869140625,1.3789235514850733,-0.2855056586185114,-0.18291350181191657
76.39906191825867,139.33535766601562,0.9720823546458621,-0.446478734540916,-0.3163244376244725
76.49962997436523,106.62858581542969,0.8241220154129812,-0.5695834419332773,-0.40131368099171105
76.59958958625793,106.62858581542969,0.6802994574234986,-0.5695834419332773,-0.444291896236793
76.6991331577301,84.12448120117188,0.7582461590447916,-0.6612187253070623,-0.46040138142664944
76.80455780029297,104.69305419921875,0.6595718310313208,-0.8781160029103185,-0.45425499183883034
76.90050339698792,111.96846008300781,0.5125631552818026,-0.9473385193850401,-0.44580614780596495
77.00180840492249,133.62652587890625,0.380449381337204,-0.9533582026557736,-0.4218753405958555
77.09947967529297,131.54330444335938,0.34898378268524677,-0.9139269996382042,-0.3812051939611738
77.20090126991272,105.94044494628906,0.3096918615399818,-0.7060009666377001,-0.3352575194289953
77.29963231086731,105.94044494628906,0.18832843968120153,-0.7060009666377001,-0.28471792885780545
77.39929819107056,68.98637390136719,-0.1123466042113741,-0.5635157400484321,-0.22397699436632923
77.499587059021,45.50616455078125,-0.15767582476425474,-0.39713716808404076,-0.18146240123297552
77.60061144828796,36.3408203125,-0.14466251014569206,-0.20027852586484762,-0.12890227316749403
77.69966840744019,41.4122314453125,0.12185407102088419,-0.09375670476987974,-0.12056437383281526
77.80127549171448,41.4122314453125,-0.04843485512072924,-0.09375670476987974,-0.08014421954494377
77.90183115005493,41.4122314453125,-0.27805520533819456,-0.09375670476987974,-0.06464522310971166
78.00104832649231,72.23565673828125,-0.23251428587605327,0.7497346504624574,-0.0249084770219703
78.09936189651489,82.87472534179688,-0.030182659229968857,1.2720861359845017,0.026173612075693242
78.20225644111633,62.90643310546875,-0.4872894454558029,1.8701744066972523,0.032791048831942504
78.30016779899597,30.10711669921875,0.20498133583227304,8.560854748037258,0.04208504915877054
78.39946436882019,30.10711669921875,-1.0058029106227466,8.560854748037258,0.023812397546370434
78.49928498268127,-2.637939453125,-0.4453737089374967,8.560854748037258,-0.013020485054532571
78.60154604911804,-2.637939453125,-2.4241483452706607,8.560854748037258,-0.02529480376965676
78.69976925849915,-14.1644287109375,-2.474423335661687,8.560854748037258,-0.10088283038316082
79.19957661628723,-16.40753173828125,3.4818529208396503,8.560854748037258,-0.7142212854868752
79.30083703994751,-16.40753173828125,4.9156725593648884,8.560854748037258,-0.812950809090327
79.39928436279297,-16.40753173828125,5.275198210404872,8.560854748037258,-1.001517267722436
79.50074601173401,33.017578125,1.0279555198098376,1.936414726069101,-1.1546530178530316
79.59979295730591,76.472900390625,0.7538279205172187,0.14580613076786708,-1.318072672024007
79.69983911514282,93.34710693359375,1.9829162027216716,-0.0948986499942972,-1.489808762389755
79.80078959465027,110.89164733886719,2.5084500863152734,-1.1407003464169687,-1.632527707028859
79.90078091621399,78.24871826171875,1.7671752240942202,-1.3573087060863642,-1.6473926250674706
80.00028848648071,78.24871826171875,1.9935746737648927,-1.3573087060863642,-1.68246045782971
80.09999108314514,78.24871826171875,2.29439618476412,-1.3573087060863642,-1.7449859806417107
80.19967269897461,78.24871826171875,2.4950026158958942,-1.3573087060863642,-1.7936465704877582
80.30096530914307,32.7811279296875,1.9546983782061615,-1.5337972382827,-1.8397715677571638
80.40003871917725,32.7811279296875,2.0051892957771,-1.5337972382827,-1.8705104545126163
80.50233554840088,32.7811279296875,2.0275028436280866,-1.5337972382827,-1.9168776176353788
80.59980511665344,-7.476043701171875,1.7807705378777217,-1.8158729716821131,-1.9160239003221902
80.69985294342041,-7.476043701171875,1.7413646541095595,-1.8158729716821131,-1.9797714027243005
80.79918122291565,-48.49713134765625,1.7121015794387933,-1.9228939539203846,-2.043963521370473
80.89931178092957,-48.49713134765625,1.6527239606595165,-1.9228939539203846,-2.103959483044857
80.99982762336731,-70.0848388671875,1.6916077963721312,-1.9542991871363284,-2.101911659682698
81.10497975349426,-70.0848388671875,1.6847837607164284,-1.9542991871363284,-2.12624540194692
81.19936752319336,-85.48550415039062,1.7256772435975412,-1.8471180923303319,-2.169016110864849
81.29922437667847,-82.540771484375,1.642515166078249,-1.8973335822914903,-2.195700891116185
81.400625705719,-82.540771484375,1.6490815758976558,-1.8973335822914903,-2.2271951133088073
81.50060796737671,-82.540771484375,1.6539794785447741,-1.8973335822914903,-2.2447808375088067
81.60190439224243,-98.07373046875,1.493788280062066,-1.9306235747982248,-2.231923379643179
81.6993179321289,-133.125244140625,1.3376366709639749,-1.9110155532271618,-2.1797229701335636
81.79899477958679,-168.6865234375,1.0863483372214928,-1.8589956676773989,-2.1139944205326215
81.9011607170105,-171.99813842773438,1.0086679256771365,-1.7481108349586343,-2.0872104363212505
82.00087881088257,-171.99813842773438,0.9822521390789059,-1.7481108349586343,-2.0218153967617645
82.09936594963074,-143.92874145507812,0.8938020905766368,-1.624011672299062,-2.014612017002451
82.1989016532898,-143.92874145507812,0.8116752189875812,-1.624011672299062,-1.9244272431411824
82.29919695854187,-110.6937255859375,0.6332599406558201,-1.276856413154431,-1.8449589436815987
82.40090870857239,-110.6937255859375,0.6047085159615098,-1.276856413154431,-1.8179474937143505
82.49912929534912,-110.6937255859375,0.38746989751691124,-1.276856413154431,-1.6851237264308372
82.60200595855713,-100.85311889648438,0.159657680339719,-0.8349977623734013,-1.5289479321754467
82.7018666267395,-76.90130615234375,0.08117470856670703,-0.5322239055762132,-1.3821943408101376
82.79942297935486,-50.242095947265625,-0.11481851496944556,0.3618558057367043,-1.2279854046058727
82.90056014060974,-42.20123291015625,-0.2330693311490056,1.260430444535456,-1.0480955047149925
83.00176286697388,-71.72088623046875,-0.7156731186425865,2.8856092569863137,-0.8441532829445633
83.10039615631104,-71.72088623046875,-2.159570846542426,2.8856092569863137,-0.6704442208790589
83.20291805267334,-112.8154296875,-4.322309090539237,8.560854748037258,-0.4914118187422485
83.8011953830719,-58.3800048828125,2.6799632454181217,8.560854748037258,0.15856434800839914
83.9016695022583,-58.3800048828125,2.7970158244042795,8.560854748037258,0.2190715561531773
84.00207734107971,-22.70751953125,1.7825717194610855,8.560854748037258,0.289578602458902
84.09964203834534,-1.72711181640625,1.8453917796310946,8.560854748037258,0.3655711007860205
84.22655272483826,20.32672119140625,2.0599578704614023,8.560854748037258,0.4364203612259967
84.29900336265564,21.891876220703125,2.1080011966837193,8.560854748037258,0.44520885860259085
84.40069532394409,21.891876220703125,2.1026175012191173,8.560854748037258,0.4700668557144585
84.50503039360046,21.891876220703125,2.1164446091408293,8.560854748037258,0.48584434192881876
84.60003113746643,-4.843780517578125,1.9867611500397047,8.560854748037258,0.48584434192881876
84.7004804611206,-4.843780517578125,2.0222520485622146,8.560854748037258,0.5543503118929571
84.80183243751526,-37.72760009765625,1.0341796794072655,2.0058813199765737,0.5423317557751215
84.89917612075806,-37.72760009765625,1.1321333736771717,2.0058813199765737,0.5945268937329171
84.99969220161438,-50.9398193359375,0.9322564820205911,1.0754813249352129,0.6307363534177917
85.09909415245056,-50.9398193359375,1.1470043491194177,1.0754813249352129,0.6639587758190348
85.20117974281311,-50.9398193359375,2.6553858287067786,1.0754813249352129,0.7179921510273379
85.30167698860168,-45.20550537109375,2.508426377014794,0.7829894164531668,0.8005166292518489
85.40100169181824,-30.215301513671875,1.4691985478023522,0.9839985954803687,0.9126684534494158
85.49916219711304,-7.16253662109375,0.6463275940001447,0.5331292404713928,1.005230218541536
85.59977412223816,-0.06512451171875,0.261893003475888,-0.09871125295774608,1.1068925745365235
85.70332074165344,-0.06512451171875,0.31857466677088686,-0.09871125295774608,1.246712477559175
85.79984402656555,-14.453125,0.6525781645618148,-0.12046314501446176,1.3761097905378366
85.89942932128906,-38.66534423828125,0.5601905191091394,-0.02358280105081967,1.3959441014955596
85.99929285049438,-38.66534423828125,0.6820458027090821,-0.02358280105081967,1.4892469235201355
86.09910225868225,-59.2010498046875,0.16486684107017463,-0.08949654368425719,1.6395432280465965
86.20005655288696,-40.10015869140625,-0.2112322915757983,0.0060348427267289395,1.7807580444179294
86.2995376586914,6.048095703125,-0.2268673527351006,0.10700680204889768,1.916212298154437
86.3996365070343,6.048095703125,-0.5496882137926646,0.10700680204889768,2.0377354214092094
86.50094056129456,66.17117309570312,0.021905593651983406,0.5492416213121913,2.167911330252892
86.60182404518127,66.17117309570312,-0.12453232205598465,0.5492416213121913,2.2724146613440652
86.69933128356934,60.44866943359375,-0.20093567056616007,0.636863670750281,2.360305169052884
86.79932236671448,44.2822265625,-0.11484717970222998,1.029814783791715,2.4457398349524073
86.9018223285675,27.98199462890625,0.0014467877346893332,1.9042092900679641,2.5305643874305765
86.99973392486572,27.98199462890625,-0.34181041629946574,1.9042092900679641,2.573714812730465
87.10015296936035,45.06011962890625,0.034720342660648336,8.560854748037258,2.5823754319018732
87.20074915885925,45.06011962890625,-1.167652396959869,8.560854748037258,2.6027261514541262
87.2990472316742,93.75479125976562,0.44553822229700407,8.560854748037258,2.608311009901655
87.40089201927185,93.75479125976562,-1.1667549629018332,8.560854748037258,2.6134954892797477
87.50252938270569,128.41909790039062,-0.24675018836142415,8.560854748037258,2.595712062666161
87.60018277168274,137.7609405517578,-0.3021502014364238,8.560854748037258,2.551268022017938
87.70049500465393,137.7609405517578,-0.7820701813562975,8.560854748037258,2.465176078645019
88.29999899864197,73.86123657226562,6.792146791184311,8.560854748037258,1.4229203401866268
88.39985823631287,118.25149536132812,4.103198551411569,8.560854748037258,1.2464325265879213
88.50147700309753,179.7835693359375,0.3671245954833613,8.560854748037258,1.0575165961852093
88.79945349693298,310.4502182006836,4.28055586645944,8.560854748037258,0.6763697518674796
88.90105175971985,310.4502182006836,6.351449341625683,8.560854748037258,0.42766891307994204
94.69919562339783,-275.0797119140625,4.389324480420631,8.560854748037258,-3.2119420364996416
94.79955077171326,-275.0797119140625,3.8937335717040105,8.560854748037258,-3.2908877602296287
94.90007615089417,-275.0797119140625,2.80390200355851,8.560854748037258,-3.335321161464123
95.00001502037048,-236.04638671875,0.38904547778296633,-2.5732783191261492,-3.417968491902123
95.09900259971619,-172.34625244140625,0.4323299237225268,-3.0606415304509684,-3.483072215950762
95.20076060295105,-118.89883422851562,0.5832036513751717,-3.2424626404242956,-3.5378861815664377
95.30141019821167,-81.55023193359375,0.9467532107101924,-3.4333342843012167,-3.575988458136063
95.4014961719513,-37.35931396484375,0.7871791270699069,-3.578911450425123,-3.591175722673762
95.49912309646606,-37.35931396484375,0.95229052295538,-3.8338848444664158,-3.596357483865877
95.59910368919373,-65.46600341796875,0.6629158470440961,-3.867701848853107,-3.591071585181428
95.69903945922852,-92.54617309570312,0.21810628087276218,-3.9477611403025534,-3.5784241603080793
95.79915165901184,-127.3260498046875,0.04883905472035884,-4.053227607032546,-3.577919780879621
95.8992269039154,-127.3260498046875,0.041143829612791505,-4.053227607032546,-3.5846309328991555
95.99953508377075,-109.1536865234375,-0.021199894291021457,-4.13719138041422,-3.602959178474866
96.09932327270508,-76.56219482421875,-0.058806888961374156,-4.192086536033466,-3.6303293139548405
96.19921970367432,-76.56219482421875,-0.11258998666241159,-4.192086536033466,-3.6614611788792404
96.30190539360046,-25.17437744140625,-0.15735988002726553,-4.222095588077063,-3.6835571570638734
96.3994710445404,-8.78857421875,-0.14714391771447335,-4.224052649224726,-3.6986870131581018
96.50176572799683,-21.403778076171875,-0.09279058340878525,-4.224542370102151,-3.7105262542805044
96.59993696212769,-27.007598876953125,-0.025898049101051424,-4.156229817971447,-3.7137674721960203
96.69955921173096,-27.007598876953125,-0.0531647426113998,-4.156229817971447,-3.7195777212042143
96.80121541023254,-53.732666015625,-0.015752241793076233,-4.054581582333962,-3.7282385588368636
96.89959263801575,-46.074798583984375,0.03573631538388151,-3.827201709379265,-3.738120994292471
96.99935722351074,3.63153076171875,0.04139200550111429,-3.612071656188279,-3.755226872038733
97.09937334060669,3.63153076171875,-0.02295710587052764,-3.612071656188279,-3.768086766006953
97.19923520088196,29.814971923828125,0.05064321007656624,-3.497321033066733,-3.799061658550095
97.29943490028381,30.846343994140625,0.11278011670388366,-3.26678060133896,-3.787715866514851
97.40051484107971,30.846343994140625,0.10331849918946406,-3.26678060133896,-3.7876541672612314
97.49896621704102,33.686676025390625,0.1393922404434689,-2.9573029219028855,-3.7960986053966166
97.60052275657654,33.686676025390625,0.15327979643547385,-2.9573029219028855,-3.8059543461154566
97.70084524154663,45.16120147705078,0.12247907971049668,-2.7867749131252393,-3.7926102092407246
97.80013251304626,42.41449737548828,0.08405189017265363,-2.590121877437903,-3.7613685441076603
97.899085521698,46.866180419921875,0.06777933388607267,-2.317013183723328,-3.7198287028796733
98.00161242485046,37.883148193359375,0.053791671814979486,-2.118675142677739,-3.655444839066355
98.10276699066162,37.883148193359375,0.03907874051423578,-2.118675142677739,-3.570294371431485
98.19951105117798,48.507293701171875,0.029452848282289317,-1.8063412073622267,-3.470895302455289
98.40063500404358,78.96414184570312,-0.21736360975040006,-1.7358276843046054,-3.2162296103705876
98.60090136528015,77.0986328125,-0.36198079494315766,-1.5889281197093776,-2.9739026902097563
98.99920010566711,172.43578720092773,-0.6846589050450373,-1.1931821886091685,-2.6180265406182235
103.2074966430664,-244.05584716796875,0.7193898961793342,-2.146655106873307,-2.138939528658589
103.29953360557556,-163.17120361328125,0.7465514947717766,-2.319937161642948,-2.012656179024925
103.39932823181152,-79.25613403320312,1.0229678931420543,-2.6158326702739267,-1.8847127038923501
103.50098514556885,-16.267913818359375,0.7814170737809822,-2.825490330407591,-1.7669408513448843
103.59901690483093,-16.267913818359375,1.0389892018379523,-2.825490330407591,-1.6339940011469674
103.70280623435974,15.988677978515625,0.6831203918859091,-2.900248068857996,-1.4794444961403128
103.80016994476318,14.897064208984375,0.29640130201360015,-3.0962337585322013,-1.3164301093127806
103.89916849136353,5.8690185546875,0.12304873865963496,-3.058541534854382,-1.1522306793926225
104.00033283233643,-3.48114013671875,0.08580834952269902,-2.8152236757390283,-1.003174192279526
104.0996880531311,-4.09381103515625,0.10794994515193641,-2.7710544651273414,-0.8335635400314798
104.19944858551025,-4.09381103515625,0.08816040586754828,-2.7710544651273414,-0.6719128760531019
104.29929327964783,34.99463653564453,0.10334728813382184,-2.5687329811973125,-0.5057460211358924
104.39936447143555,77.558837890625,0.032168716592151786,-2.4653190423168034,-0.34016302867647585
104.49927830696106,130.6383514404297,0.0746645940699573,-2.303075282813718,-0.31657184076509637
104.59934210777283,130.6383514404297,-0.005687867415107519,-2.303075282813718,-0.12496278258449411
104.6992015838623,143.21437072753906,0.12122246830625556,-2.2132947135472265,0.06925051813414473
104.7991738319397,116.9576416015625,0.2112634771120549,-2.010038903913278,0.2709274204697687
104.90160298347473,78.91763305664062,0.1603190663557808,-2.010038903913278,0.46356157950202803
104.99964618682861,78.91763305664062,0.08938916757270124,-2.010038903913278,0.6647063324318134
105.09903168678284,45.1170654296875,0.07743442212311118,-1.7939986407822168,0.8364107451012943
105.20025277137756,61.141937255859375,0.07049833016401579,-1.4798595951325115,0.8818080661103487
105.30126023292542,61.141937255859375,-0.017445786189897866,-1.4798595951325115,1.0905417994231632
105.40031147003174,63.775146484375,-0.20090722720605333,-1.1291026645089257,1.2684326403356252
105.49898099899292,44.31792449951172,0.035824530882703244,-0.09952944232709715,1.2822076080165798
105.60072755813599,44.31792449951172,-0.39746379360898487,-0.09952944232709715,1.452528571909137
105.7000241279602,17.17279052734375,-0.6309778648386485,0.5250059973909513,1.5575178090607356
105.80144214630127,17.17279052734375,-0.8632507559675023,0.5250059973909513,1.5813715390368737
105.89973592758179,17.17279052734375,-1.2051130015410465,0.5250059973909513,1.6248013507925396
105.99948263168335,6.85186767578125,-0.4094883540435049,0.6611506445828859,1.6732135015980614
106.09943056106567,6.85186767578125,-1.0636215554148376,0.6611506445828859,1.7865386314970593
106.20551657676697,1.2513427734375,-0.13330547471790147,0.9064561711748009,1.872271459789558
106.2993323802948,4.04339599609375,0.3347691957418211,1.0264438146852495,1.9454837653269363
106.39943408966064,3.82574462890625,0.5127907673814818,1.0186811374341946,1.9859680579740813
106.49934601783752,16.8134765625,0.5699770469179866,1.2617611172014955,2.0016310426178308
106.59924340248108,16.8134765625,0.6409382994108198,1.2617611172014955,1.9816994617190975
106.69995212554932,10.8564453125,0.5594467402934983,1.3557098761351822,1.9762474720430117
106.79983973503113,10.8564453125,0.5594467402934983,1.3557098761351822,1.9762474720430117
106.90539693832397,10.8564453125,0.6093430648975745,1.3557098761351822,1.9177197546152254
106.99936532974243,-9.36846923828125,0.6519708330202056,1.850549268404202,1.9128980091738743
107.12946510314941,-9.36846923828125,0.8022192072303896,1.850549268404202,1.8744780259221256
107.20060610771179,-38.1153564453125,0.6868031845732271,2.003354858427606,1.798226232882735
107.29974126815796,-54.9642333984375,0.5795902337230869,1.474088921981041,1.6994202364381987
107.39986085891724,-57.452423095703125,0.5833411227987563,0.9038588603283451,1.575766349115911
107.50032353401184,-57.452423095703125,1.156669277701926,0.9038588603283451,1.4635976238747403
107.59993648529053,-31.56231689453125,1.5896498422688083,0.532547463371488,1.3881405619621416
107.7014741897583,9.99334716796875,1.1745991810270893,0.5574672749710325,1.320373172081374
107.8004503250122,47.7117919921875,0.7890634363923527,0.3184233717409901,1.233509255140813
107.90109086036682,56.7822265625,0.33267438173176545,0.18192133355359097,1.1729010808493188
108.00011253356934,35.859466552734375,0.14144183822510034,0.07849508605043276,1.1071394640604462
108.09899830818176,35.859466552734375,0.20406254831961027,0.07849508605043276,1.0617685801218597
108.19942736625671,-8.630523681640625,-0.02911599955923563,0.07921397293520283,1.0276367653615992
108.30112743377686,-8.630523681640625,-0.07085287158935462,0.2123347189209266,1.0054893330172323
108.39917707443237,-10.05810546875,-0.21445904047688272,0.29640549962665474,0.99083334844424
108.49943900108337,-3.78607177734375,-0.13113278439459147,0.48490256709741075,0.9781247615780186
108.59948134422302,-3.78607177734375,-0.289965413569651,0.48490256709741075,0.9790792383080253
108.70109462738037,4.16705322265625,-0.39735977281428225,0.5776400537301214,0.9658048483015582
108.80184745788574,-9.2265625,-0.2636252023976963,0.5853241799907547,0.9736761330087313
108.90215539932251,-9.2265625,-0.43156125733554856,0.5853241799907547,0.9744860828010635
109.20261240005493,-48.47540283203125,-0.07719056057819858,0.5898178636034466,0.9622351755564216
109.29902768135071,-29.33526611328125,0.3715714477625211,0.5904261156572659,0.9536900860040634
109.40118670463562,-29.33526611328125,0.25661597568991334,0.5904261156572659,0.9349491533375067
109.49904322624207,8.93585205078125,0.6128718566592558,0.6570200394574996,0.9286240136220538
109.60141634941101,8.93585205078125,0.6833254138005105,0.6570200394574996,0.9249398703950966
109.69930076599121,8.93585205078125,0.782095883619312,0.6570200394574996,0.9192892263894477
109.79990983009338,13.596435546875,0.9636406077621543,0.4204539665258826,0.912227471972173
109.89918160438538,13.596435546875,1.3634262738741785,0.4204539665258826,0.8944506192290387
110.0046215057373,-9.537811279296875,1.1492841392664088,-0.04628674707642766,0.8857349863879804
110.10043931007385,-38.55120849609375,0.849579336885198,-0.00943269900287369,0.86150405954794
110.20018434524536,-73.24603271484375,0.7666337218057467,-0.14664286795806714,0.8565241633480545
110.30087280273438,-84.32867431640625,0.6680059724995505,-0.18438040504585285,0.8448791921202812
110.40017008781433,-84.32867431640625,0.6967749026751914,-0.18438040504585285,0.8413003799624947
110.4992344379425,-63.31439208984375,0.5709966792938365,-0.15038643168448207,0.8407094868362393
110.59946036338806,-63.31439208984375,0.5334836620635464,-0.15038643168448207,0.8561448819284436
110.70091724395752,-35.093658447265625,0.25244660554071857,-0.2841047063722195,0.8797240272923226
110.80017280578613,-19.318267822265625,0.13279866867515397,-0.2978985520238897,0.9124537025847941
110.90024185180664,-26.960205078125,0.11120032654466211,-0.31956210384029493,0.9353019864383727
110.99910974502563,-40.076873779296875,0.09839894372480909,-0.3053723348484061,0.9370456304151
111.09917950630188,-40.076873779296875,0.1393167471211411,-0.3053723348484061,0.9549307999776335
111.20202612876892,-67.64642333984375,0.09179511410494093,-0.22590293456758026,0.9759452398353119
111.3003888130188,-67.64642333984375,0.1016218995437871,-0.22590293456758026,0.9855782650497362
111.40188407897949,-66.7879638671875,0.08647151119537642,-0.4616367052413368,1.0021000104969415
111.4994945526123,-66.0982666015625,0.05339230792544432,-0.528191470315293,1.0382014007522642
111.60002565383911,-46.2576904296875,0.11762765350572736,-0.34111357055445524,1.0944146171292068
111.70064377784729,-12.553924560546875,0.14601820630615503,-0.35566158349958066,1.193566037413503
111.80116629600525,18.56378173828125,0.003976085165307086,0.009544376771935426,1.3049479067998568
111.89905381202698,18.56378173828125,-0.15106228778507785,0.009544376771935426,1.4369181939047913
111.99972581863403,15.576324462890625,-0.31750015836064766,0.35131447438167385,1.5763521665382276
112.10147833824158,-19.99749755859375,-0.4644693228095364,0.6748764754657239,1.7139738204756396
112.40028047561646,-1.5404052734375,0.007886213980645346,8.560854748037258,2.123624074507932
112.50027346611023,-1.5404052734375,-0.05461636733860528,8.560854748037258,2.2649741452611707
112.59913158416748,50.733795166015625,-0.9877594536825719,8.560854748037258,2.3897251721837733
112.70050859451294,89.25355529785156,-3.587872960984212,8.560854748037258,2.4979408614525056
112.80166578292847,117.26461791992188,-3.624636029130767,8.560854748037258,2.608554582567125
113.29917764663696,146.7225341796875,3.8050665519193387,8.560854748037258,2.649380081967127
113.3994972705841,146.7225341796875,5.834503179034767,8.560854748037258,2.5999287151448236
113.80020785331726,253.39501762390137,4.83194433646678,8.560854748037258,2.471697743033234
113.90014863014221,253.39501762390137,5.848999996718322,8.560854748037258,2.432107169238799
120.69924926757812,-256.55548095703125,1.1588189726157914,8.560854748037258,3.790622081935231
120.79960489273071,-256.55548095703125,0.7898276406510977,8.560854748037258,3.7684719182632573
120.8990843296051,-182.06942749023438,-1.7361945611941296,8.560854748037258,3.7256762545246787
121.10040783882141,-81.93499755859375,-0.9739145645697237,8.560854748037258,3.574783540726745
121.20153713226318,-53.63287353515625,1.6979368660105298,8.560854748037258,3.463418514933579
121.30003023147583,-53.63287353515625,0.8990346805545715,8.560854748037258,3.312310245530746
121.40199780464172,-18.295989990234375,0.6888677957853042,8.560854748037258,3.111645885048194
121.4997284412384,-7.2860107421875,1.1647837708301694,8.560854748037258,2.9070055666704526
121.60006213188171,3.51409912109375,1.8839643672276383,8.560854748037258,2.5928913363235004
121.69936966896057,-10.57647705078125,2.4100628992984,8.560854748037258,2.241196771204221
121.8004310131073,-50.8369140625,1.893684693758573,8.560854748037258,2.0994282710032337
121.89908647537231,-50.8369140625,2.1381211063720453,8.560854748037258,1.8747609469478368
121.99990844726562,-50.8369140625,2.3624111984839473,8.560854748037258,1.475131833407846
122.10016703605652,-90.01043701171875,2.005358613863242,8.560854748037258,1.0532684381068629
122.20164942741394,-102.535400390625,1.7892323386142215,8.560854748037258,0.620863157408829
122.3007664680481,-80.1448974609375,1.5949884809218495,8.560854748037258,0.19667518514517113
122.39902663230896,-44.49139404296875,0.6238263436832667,0.8200530412598068,-0.2809704137457656
122.50136160850525,-9.107940673828125,0.17334178851273818,-0.7627627133748458,-0.7609914096689767
122.6026611328125,-9.107940673828125,0.10277049448708728,-0.7627627133748458,-1.2356075646346314
122.70165514945984,31.6102294921875,0.6227034514669136,-1.5142564671945928,-1.650572693415027
122.80124545097351,31.6102294921875,1.4165736915933838,-2.223577799357011,-2.0056076316912557
122.90111517906189,49.182464599609375,1.1049616822871604,-2.333330759701173,-2.2923388514551575
122.9993007183075,119.18119812011719,0.05930972313057322,-4.158478233871786,-2.534529853174089
130.20070362091064,-49.316162109375,0.15447704396268197,-4.126376286532303,3.712015943738283
130.30039167404175,-49.316162109375,0.2181307077887074,-4.126376286532303,3.668694584963294
130.5000557899475,44.55120849609375,0.3899668367098284,-4.1083160677860855,3.610837147065917
130.59924912452698,44.55120849609375,0.46207173064800205,-4.1083160677860855,3.6021084693368746
130.69966745376587,93.36515808105469,0.1697255727413012,-4.062389236174983,3.601414364557085
131.09976649284363,139.77786254882812,-0.5124033916032281,-4.005950524038811,3.5700064533054032
131.20170664787292,158.78799438476562,-0.3844419877232775,-3.8169369388777574,3.5293553794711006
131.29998755455017,207.35829162597656,0.9026576803106134,8.560854748037258,3.484631738254853
131.40246629714966,258.44580841064453,4.137206233334045,8.560854748037258,3.4423182435752135
131.79912495613098,264.3678894042969,0.8183566907770081,8.560854748037258,3.2638178167592358
131.89922332763672,297.7605457305908,1.3735313679661298,8.560854748037258,3.1861354615719826
139.00093793869019,-284.5860595703125,2.9256032168709254,8.560854748037258,-1.0078909911177645
139.09960508346558,-215.54698181152344,1.0373076006744,-0.19874310669889184,-0.9776105788079859
139.19945359230042,-215.54698181152344,0.8968473929988705,-0.19874310669889184,-0.9111036834171475
139.30022978782654,-150.98834228515625,0.6893479931251825,-1.482361143739487,-0.8266874978862022
139.40110111236572,-150.98834228515625,1.0591959128716912,-1.482361143739487,-0.759712697716024
139.49990439414978,-91.93991088867188,0.908581757887008,-1.6500862533334333,-0.759712697716024
139.80480003356934,-31.07562255859375,0.1594998593670503,-1.7270722538075107,-0.46246913762241615
139.90001440048218,-16.02117919921875,-0.07874192097855641,-1.7546368399931236,-0.3637031570620355
140.30226826667786,80.6314697265625,-0.12964349858501956,-1.763503075282423,0.08929537679659205
140.3993079662323,126.65753173828125,0.15853015520715713,-1.0840469900830199,0.22805592301417388
140.49994659423828,186.42992782592773,1.0937065144946516,-1.1045350459213017,0.35164360302073305
140.59928464889526,216.59078216552734,1.2177753261666777,-0.9641990969773051,0.47129174438346855
140.70062685012817,216.59078216552734,1.5820340543837175,-0.9641990969773051,0.5784564481640739
140.801207780838,215.7183380126953,1.054201596091268,-0.6369198931905284,0.6752525869995551
140.90218949317932,180.6726951599121,0.2935314599581607,-0.601741960099651,0.8017035385189031
140.999826669693,133.92410278320312,-0.15162838031209225,-0.49562892349048937,0.8964923998798309
141.0993194580078,97.04020690917969,-0.2658367546374214,-0.39592183071150977,0.9689139579587014
141.19906210899353,60.66321563720703,-0.10860944586469308,-0.15032931839497987,1.015799586715585
141.3011875152588,60.66321563720703,-0.16305939770726427,-0.15032931839497987,1.0581724250675606
141.39926409721375,43.77533721923828,0.22509529157500288,-0.07467881935077791,1.1003335882389562
141.50096440315247,63.348541259765625,0.251067972202517,0.36813538801863466,1.1003335882389562
141.59936475753784,63.348541259765625,0.36446228676278714,0.36813538801863466,1.1295274827746749
141.69916558265686,77.13653564453125,0.10928039980483276,2.076291600943433,1.1410259854688753
141.80001187324524,64.69174194335938,-0.11474015414355825,8.560854748037258,1.1336784168312795
141.99976897239685,7.2017822265625,-1.639297643515079,8.560854748037258,1.1039540706800741
142.09978699684143,7.2017822265625,-1.7252096872971419,8.560854748037258,1.0407340509781466
142.19950485229492,9.529052734375,-0.8458573068469725,8.560854748037258,0.9586824868257002
142.69913578033447,16.135955810546875,7.738225471090004,8.560854748037258,0.4232556519364703
142.7995011806488,43.96013641357422,2.368398102742872,2.058515890991938,0.3122011622782024
142.90006399154663,87.28688049316406,-0.43006694983872584,1.6227194026566716,0.22800078163151305
143.00065350532532,119.45361328125,-0.2971275481407499,0.08146160191475271,0.1614375027540378
143.09934520721436,122.63067626953125,0.8910868440111499,-0.0484156493093062,0.11623951475367988
143.1991250514984,103.64605712890625,1.692978865292319,-0.7933516703326973,0.08243850505393358
143.29955577850342,103.64605712890625,2.5773193908906555,-0.7933516703326973,0.03622533234617009
143.4026129245758,61.611907958984375,2.082173025773924,-0.9122340521444885,0.017982351415531284
143.50075721740723,36.13671875,1.4796480636926046,-1.2284338474957508,0.01718620978246932
143.60011744499207,8.5765380859375,1.257639986387818,-1.2647231616791101,0.03776435627055896
143.6989517211914,-2.8463134765625,1.271663274026293,-1.309022573408643,0.08883196655131798
143.79912209510803,9.6011962890625,1.2949338643377466,-1.3008282441602361,0.1323785975314422
143.89933347702026,48.28167724609375,1.2294922748502493,-1.3383084730258918,0.18758409614344274
144.00082230567932,48.28167724609375,1.2222994170848933,-1.3383084730258918,0.25812603498282627
144.09972858428955,83.76812744140625,1.101952985232272,-1.1673856868447725,0.34302646066783105
144.199063539505,92.33172607421875,0.8562755655232651,-1.2333774898678627,0.45011817306991286
144.30003786087036,73.93795776367188,0.6088517713065021,-1.2288743388434202,0.5730542726146677
144.39923739433289,32.6695556640625,0.4896882569903019,-1.204911822728839,0.7179625982537416
144.4990475177765,0.011474609375,0.4114771020490558,-1.0944945118102805,0.8625943937871261
144.59977293014526,0.011474609375,0.390348037694962,-1.0944945118102805,1.039381451306289
144.69964933395386,0.11370849609375,0.4047881016073998,-1.0132554710857233,1.154067195903382
144.8013346195221,32.2601318359375,0.2919588822541346,-0.8917083239295414,1.2107432541072676
144.89947414398193,32.2601318359375,0.26495572597090083,-0.8917083239295414,1.3142110747091635
145.00050115585327,46.3636474609375,0.2080092218277339,-0.7255755532774852,1.3902364031750034
145.10121321678162,46.3636474609375,0.11362110671769172,-0.7255755532774852,1.544309016756972
145.19953870773315,23.9215087890625,0.023607501809606628,-0.26084713858938713,1.7003689154295163
145.30007910728455,-15.00128173828125,-0.019356360768269996,0.001193471205047203,1.837802382326153
145.39977312088013,-51.0587158203125,-0.18405648221027407,0.13123769226426063,2.003779256571182
145.49989557266235,-51.0587158203125,-0.6414933506212375,0.8117247748400107,2.163787406977578
145.6005413532257,-46.722015380859375,-0.5258155283705661,1.4610162448786204,2.3058076860529244
145.7003948688507,-14.282440185546875,-1.5130409689791458,8.560854748037258,2.439223150410454
145.80187582969666,2.18408203125,-2.3147827824800653,8.560854748037258,2.543748493760905
145.90042686462402,-16.3828125,-2.8428449008249395,8.560854748037258,2.6381215844435673
146.40003085136414,-31.5589599609375,4.372124337547069,8.560854748037258,2.5869684179105636
146.49931693077087,-31.5589599609375,7.163639925324866,8.560854748037258,2.5367023027930635
146.60094094276428,10.72552490234375,1.9935689637456582,8.560854748037258,2.463199613946074
146.69914627075195,43.016326904296875,-0.9070176785612063,8.560854748037258,2.3752971204033884
146.80124402046204,51.5909423828125,-1.8130074348230303,8.560854748037258,2.2820383242719107
147.40004563331604,29.894378662109375,7.780218984548495,8.560854748037258,1.2858942206528923
147.5009958744049,64.32675170898438,3.4311467648068636,3.3071680970467945,1.143747416686212
147.5994532108307,109.72000122070312,1.4205109298079113,0.3771046218858354,1.0098219665964914
147.70018124580383,109.72000122070312,0.3502208708696032,0.3771046218858354,0.8825537983540892
147.79949951171875,145.87115478515625,2.933651128503039,0.3251567129841888,0.7485615974865372
147.90483784675598,168.3755340576172,3.257201962862915,-1.1408197592360025,0.5989531678525282
148.00080180168152,134.1015625,2.702547517745114,-1.4313149960875764,0.4856574995126328
148.1003041267395,95.28485107421875,2.234756711071458,-1.91747013997266,0.39165620870900053
148.2003631591797,52.74340057373047,2.1639873198530837,-2.207006058537281,0.30898235960897313
148.29937100410461,52.74340057373047,2.1176042148851724,-2.207006058537281,0.26746026256527866
148.39960765838623,46.0982666015625,2.26827669236884,-2.2728611679020125,0.24342421807079084
148.50223636627197,46.0982666015625,2.250145903697807,-2.2728611679020125,0.18211377046054
148.60035848617554,67.37983703613281,2.170440520528366,-2.5958411614078503,0.1776224572156586
148.70038390159607,67.37983703613281,2.1778129113641587,-2.5958411614078503,0.14871065308479192
148.79970860481262,61.274444580078125,2.1155338637016228,-2.7659798288096082,0.13148474791185372
148.90075159072876,61.274444580078125,2.125014427682324,-2.7659798288096082,0.11530210885361747
149.00045943260193,35.9603271484375,2.0455682565388664,-2.829710727816511,0.10062962392424257
149.0997245311737,-11.999603271484375,1.9615037608147938,-2.8527833077760074,0.07897576446255083
149.1997218132019,-57.5089111328125,1.8141178102292244,-2.934476275706838,0.07537357479473084
149.29954600334167,-87.74407958984375,1.7572176675648288,-2.8729244274272174,0.10020426278690486
149.40079307556152,-88.7540283203125,1.7049009661719612,-2.8165585762026897,0.15080324468868156
149.4993119239807,-65.02737426757812,1.5425815334986572,-2.721702557828311,0.2184617402113398
149.6012589931488,-65.02737426757812,1.5140714370903872,-2.721702557828311,0.3015423147854106
149.6996922492981,-53.20562744140625,1.217907561937003,-2.712813607330511,0.4235633935956411
149.79947519302368,-76.95654296875,1.0392355896133811,-2.4543679041931514,0.5608193518840006
149.8991663455963,-122.43075561523438,0.8199674653463723,-2.3011697566022247,0.7526388393408103
150.00056743621826,-173.48638916015625,0.7534428494445103,-2.20400439773579,0.7883173537802923
150.10067749023438,-173.48638916015625,0.689847956717972,-2.0970641269731654,0.9305110880148701
150.19923782348633,-175.1754150390625,0.7664339480845619,-1.7465584806837127,1.146494773326805
150.29990148544312,-175.1754150390625,0.7780167110061145,-1.7465584806837127,1.3833826210858726
150.39928603172302,-162.947265625,0.742367102297109,-1.4744029742894424,1.619627474820991
150.49984765052795,-158.126708984375,0.5244736885507316,-1.3995603716072322,1.8655651345250845
150.70074152946472,-185.39474487304688,0.018131425631924197,-1.173073824733767,2.3920016808346585
151.3998293876648,-119.554931640625,0.6239941893741271,-0.9194976201012999,3.7031967294351986
151.49949026107788,-68.0604248046875,0.8298879905640641,-0.6944738266964698,3.7943889679162908
151.59982228279114,-68.0604248046875,2.0313779473630555,-0.6944738266964698,3.873217970626367
151.70072627067566,-12.2379150390625,1.149858272990378,0.515086844669252,3.9435995831380897
151.8034312725067,-12.2379150390625,1.7845391954018852,0.515086844669252,4.0241180931732465
151.90513348579407,-28.540679931640625,-0.3283049146198878,1.2775630828832103,4.1175482457092585
152.0011351108551,-60.25030517578125,-1.2867950916882738,2.5164613685547472,4.193835284010154
152.10125064849854,-94.60357666015625,-2.0126340456938068,8.560854748037258,4.269287300771275
152.1994972229004,-129.93896484375,0.35585569569812814,8.560854748037258,4.302315961598607
152.29924368858337,-129.93896484375,-1.517047994074537,8.560854748037258,4.3420712385114655
152.8990969657898,-12.88916015625,2.582320476118908,8.560854748037258,4.339507323778257
152.9997353553772,-12.88916015625,3.091738014200723,8.560854748037258,4.321958356849326
153.1017301082611,-12.88916015625,3.302784314519409,8.560854748037258,4.25942506565959
153.19967889785767,37.212554931640625,0.1750109062799769,8.560854748037258,4.193579081575029
153.2992377281189,67.57757568359375,-0.5169182304436671,8.560854748037258,4.121376828913425
153.4007716178894,67.66026306152344,-1.6075261429016288,8.560854748037258,4.057435620191642
154.0992341041565,103.68037414550781,7.021734655957702,8.560854748037258,3.355949957916339